text,service,label
Kami membutuhkan sistem ERP untuk perusahaan manufaktur kami.,Custom Software Development,Corporate
kami membutuhkan sistem ERP untuk institusi manufaktur kami.,Custom Software Development,Corporate
saya membutuhkan sistem ERP untuk usaha manufaktur saya.,Custom Software Development,Corporate
kami membutuhkan sistem ERP untuk bisnis manufaktur kami.,Custom Software Development,Corporate
"Halo, saya membutuhkan sistem ERP untuk bisnis manufaktur saya.",Custom Software Development,Corporate
Perusahaan saya ingin migrasi ke cloud karena server sering bermasalah.,Cloud Infrastructure & Migration,Corporate
Butuh bantuan untuk institusi saya mau migrasi ke cloud karena server sering bermasalah.,Cloud Infrastructure & Migration,Corporate
perusahaan saya bermaksud migrasi ke cloud karena server sering bermasalah.,Cloud Infrastructure & Migration,Corporate
perusahaan saya butuh migrasi ke cloud karena server sering bermasalah.,Cloud Infrastructure & Migration,Corporate
Apakah bisa bisnis saya mau migrasi ke cloud karena server sering bermasalah.,Cloud Infrastructure & Migration,Corporate
Butuh audit keamanan sistem karena ada potensi kebocoran data.,Cybersecurity Audit,Corporate
Kami ingin konsultasi strategi IT untuk ekspansi bisnis.,IT Strategy Consulting,Corporate
"Mohon info, kita mau konsultasi strategi IT untuk ekspansi bisnis.",IT Strategy Consulting,Corporate
kita mau konsultasi strategi IT untuk ekspansi bisnis.,IT Strategy Consulting,Corporate
saya bermaksud konsultasi strategi IT untuk ekspansi bisnis.,IT Strategy Consulting,Corporate
kami mau konsultasi strategi IT untuk ekspansi bisnis.,IT Strategy Consulting,Corporate
Perusahaan kami butuh tim developer untuk membangun aplikasi internal.,Custom Software Development,Corporate
Kami ingin bisnis kita butuh tim developer untuk membangun app internal.,Custom Software Development,Corporate
Apakah bisa institusi kami butuh tim developer untuk membangun software internal.,Custom Software Development,Corporate
kantor perusahaan kami butuh tim developer buat membangun aplikasi internal.,Custom Software Development,Corporate
Kami ingin bisnis perusahaan kami butuh tim developer untuk membangun software internal.,Custom Software Development,Corporate
Urgent! kami butuh sistem keamanan IT secepatnya.,Cybersecurity Audit,Corporate
Apakah bisa urgent! kami butuh sistem keamanan IT secepatnya.,Cybersecurity Audit,Corporate
Butuh bantuan untuk urgent! kita butuh sistem keamanan IT secepatnya.,Cybersecurity Audit,Corporate
"Mohon info, urgent! kami butuh sistem keamanan IT secepatnya.",Cybersecurity Audit,Corporate
Urgent! kita butuh sistem keamanan IT secepatnya.,Cybersecurity Audit,Corporate
Saya punya usaha kecil dan ingin membuat website toko online.,Custom Software Development,SME
Apakah bisa saya punya usaha kecil dn mau membuat website toko online.,Custom Software Development,SME
Butuh bantuan untuk saya punya usaha kecil dan bermaksud membuat website toko online.,Custom Software Development,SME
Apakah bisa saya punya usaha kecil dan ingin membuat website toko online.,Custom Software Development,SME
Butuh aplikasi kasir sederhana untuk usaha saya.,Custom Software Development,SME
Butuh software kasir sederhana untuk usaha saya.,Custom Software Development,SME
Butuh apk kasir sederhana untuk usaha saya.,Custom Software Development,SME
Butuh sistem kasir sederhana untuk usaha saya.,Custom Software Development,SME
Butuh app kasir sederhana untuk usaha saya.,Custom Software Development,SME
Saya ingin bisnis saya go digital tapi bingung mulai dari mana.,IT Strategy Consulting,SME
Saya perlu bisnis saya go digital tapi bingung mulai dari mana.,IT Strategy Consulting,SME
"Halo, saya mau bisnis saya go digital tapi bingung mulai dari mana.",IT Strategy Consulting,SME
Butuh bantuan untuk saya perlu bisnis saya go digital tapi bingung mulai dari mana.,IT Strategy Consulting,SME
Butuh bantuan untuk saya mau bisnis saya go digital tapi bingung mulai dari mana.,IT Strategy Consulting,SME
Butuh website murah untuk promosi UMKM saya.,Custom Software Development,SME
Butuh website hemat budget untuk promosi usaha kecil saya.,Custom Software Development,SME
Butuh website ekonomis untuk promosi warung saya.,Custom Software Development,SME
Butuh website terjangkau untuk promosi toko saya.,Custom Software Development,SME
Butuh website ekonomis untuk promosi toko saya.,Custom Software Development,SME
Segera butuh landing page untuk jualan produk lokal.,Custom Software Development,SME
Butuh bantuan untuk urgent butuh landing page untuk jualan produk lokal.,Custom Software Development,SME
Apakah bisa urgent butuh landing page untuk jualan produk lokal.,Custom Software Development,SME
secepatnya butuh landing page utk jualan produk lokal.,Custom Software Development,SME
"Mohon info, segera butuh landing page untuk jualan produk lokal.",Custom Software Development,SME
Saya ingin menyimpan data pelanggan di cloud.,Cloud Infrastructure & Migration,SME
Saya bermaksud menyimpan data pelanggan di cloud.,Cloud Infrastructure & Migration,SME
Apakah bisa saya bermaksud menyimpan data pelanggan di cloud.,Cloud Infrastructure & Migration,SME
Kami dari instansi pemerintah membutuhkan sistem pelayanan publik digital.,Government Solutions,Government
Butuh bantuan untuk perusahaan kami dari instansi instansi membutuhkan sistem pelayanan publik digital.,Government Solutions,Government
saya dari instansi pemda membutuhkan sistem pelayanan publik digital.,Government Solutions,Government
perusahaan kami dari instansi instansi membutuhkan sistem pelayanan publik digital.,Government Solutions,Government
Apakah bisa perusahaan kami dari instansi pemerintah membutuhkan sistem pelayanan publik digital.,Government Solutions,Government
Pemerintah daerah ingin membuat dashboard smart city.,Government Solutions,Government
pemda daerah mau membuat dashboard smart city.,Government Solutions,Government
pemerintahan daerah butuh membuat dashboard smart city.,Government Solutions,Government
Butuh bantuan untuk pemerintah daerah mau membuat dashboard smart city.,Government Solutions,Government
instansi daerah bermaksud membuat dashboard smart city.,Government Solutions,Government
Butuh sistem manajemen data penduduk untuk dinas.,Government Solutions,Government
Butuh sistem manajemen data penduduk utk dinas.,Government Solutions,Government
Pengadaan aplikasi untuk digitalisasi layanan masyarakat.,Government Solutions,Government
Pengadaan software untuk digitalisasi layanan masyarakat.,Government Solutions,Government
Pengadaan sistem untuk digitalisasi layanan masyarakat.,Government Solutions,Government
Apakah bisa pengadaan aplikasi untuk digitalisasi layanan masyarakat.,Government Solutions,Government
Butuh bantuan untuk pengadaan aplikasi untuk digitalisasi layanan masyarakat.,Government Solutions,Government
Kami butuh audit keamanan untuk sistem pemerintahan.,Cybersecurity Audit,Government
kami butuh audit keamanan untuk sistem pemerintahan.,Cybersecurity Audit,Government
saya butuh audit keamanan untuk sistem pemerintahan.,Cybersecurity Audit,Government
Butuh bantuan untuk saya butuh audit keamanan untuk sistem pemerintahan.,Cybersecurity Audit,Government
Butuh bantuan untuk instansi kami butuh audit keamanan untuk sistem pemerintahan.,Cybersecurity Audit,Government
Proyek pengembangan sistem informasi nasional.,Government Solutions,Government
Kami ingin proyek pengembangan sistem informasi nasional.,Government Solutions,Government
"Mohon info, proyek pengembangan sistem informasi nasional.",Government Solutions,Government
Perusahaan saya butuh developer buat bikin web app.,Custom Software Development,Corporate
Butuh bantuan untuk perusahaan saya butuh developer buat membangun web app.,Custom Software Development,Corporate
"Mohon info, bisnis saya butuh developer buat bikin web app.",Custom Software Development,Corporate
Apakah bisa perusahaan saya butuh developer buat membangun web app.,Custom Software Development,Corporate
"Halo, kantor saya butuh developer buat buat web app.",Custom Software Development,Corporate
Need IT team for enterprise application development.,Custom Software Development,Corporate
"Mohon info, need IT team for enterprise application development.",Custom Software Development,Corporate
Kami ingin need IT team for enterprise application development.,Custom Software Development,Corporate
Apakah bisa need IT team for enterprise application development.,Custom Software Development,Corporate
"Halo, need IT team for enterprise application development.",Custom Software Development,Corporate
High priority requirement for secure infrastructure.,Cybersecurity Audit,Corporate
"Halo, high priority requirement for secure infrastructure.",Cybersecurity Audit,Corporate
Apakah bisa high priority requirement for secure infrastructure.,Cybersecurity Audit,Corporate
Saya mau bikin toko online sederhana.,Custom Software Development,SME
"Mohon info, saya mau membuat toko online sederhana.",Custom Software Development,SME
Apakah bisa saya mau bikin toko online sederhana.,Custom Software Development,SME
"Halo, saya mau buat toko online sederhana.",Custom Software Development,SME
Butuh bantuan untuk saya mau membangun toko online sederhana.,Custom Software Development,SME
Butuh bantuan digital marketing dan website.,IT Strategy Consulting,SME
Butuh bantuan digital marketing dn website.,IT Strategy Consulting,SME
Usaha kecil saya ingin punya aplikasi sendiri.,Custom Software Development,SME
"Halo, usaha kecil saya mau punya platform sendiri.",Custom Software Development,SME
Butuh bantuan untuk usaha kecil saya butuh punya app sendiri.,Custom Software Development,SME
Usaha kecil saya butuh punya app sendiri.,Custom Software Development,SME
Kami ingin usaha kecil saya butuh punya sistem sendiri.,Custom Software Development,SME
Kami dari kementerian butuh sistem pelaporan digital.,Government Solutions,Government
Kami ingin kita dari kementerian butuh sistem pelaporan digital.,Government Solutions,Government
instansi kami dari kementerian butuh sistem pelaporan digital.,Government Solutions,Government
"Mohon info, saya dari kementerian butuh sistem pelaporan digital.",Government Solutions,Government
Butuh solusi IT untuk pelayanan publik yang lebih cepat.,Government Solutions,Government
Butuh solusi IT untuk pelayanan publik yng lebih cepat.,Government Solutions,Government
Digital transformation for banking sector with high security.,Cybersecurity Audit,Corporate
"Halo, digital transformation for banking sector with high security.",Cybersecurity Audit,Corporate
"Mohon info, digital transformation for banking sector with high security.",Cybersecurity Audit,Corporate
Migrasi data center ke AWS untuk efisiensi biaya perusahaan.,Cloud Infrastructure & Migration,Corporate
"Halo, migrasi data center ke AWS untuk efisiensi biaya bisnis.",Cloud Infrastructure & Migration,Corporate
Butuh bantuan untuk migrasi data center ke AWS untuk efisiensi biaya kantor.,Cloud Infrastructure & Migration,Corporate
"Halo, migrasi data center ke AWS untuk efisiensi biaya kantor.",Cloud Infrastructure & Migration,Corporate
"Mohon info, migrasi data center ke AWS untuk efisiensi biaya institusi.",Cloud Infrastructure & Migration,Corporate
Strategic IT roadmap for 5 year business plan.,IT Strategy Consulting,Corporate
Kami ingin strategic IT roadmap for 5 year business plan.,IT Strategy Consulting,Corporate
"Halo, strategic IT roadmap for 5 year business plan.",IT Strategy Consulting,Corporate
Development of core banking system with microservices.,Custom Software Development,Corporate
Kami ingin development of core banking system with microservices.,Custom Software Development,Corporate
"Halo, development of core banking system with microservices.",Custom Software Development,Corporate
External penetration testing for corporate network.,Cybersecurity Audit,Corporate
"Mohon info, external penetration testing for corporate network.",Cybersecurity Audit,Corporate
Urgent requirement for scalable cloud architecture.,Cloud Infrastructure & Migration,Corporate
butuh jasa pembuatan web buat umkm kuliner saya.,Custom Software Development,SME
butuh jasa pembuatan web buat ukm kuliner saya.,Custom Software Development,SME
butuh jasa pembuatan web buat toko kuliner saya.,Custom Software Development,SME
butuh jasa pembuatan web buat warung kuliner saya.,Custom Software Development,SME
pengen konsultasi cara jualan online pke website.,IT Strategy Consulting,SME
Butuh bantuan untuk pengen konsultasi cara jualan online pke website.,IT Strategy Consulting,SME
"Mohon info, pengen konsultasi cara jualan online pke website.",IT Strategy Consulting,SME
mau mindahin data jualan ke online biar aman.,Cloud Infrastructure & Migration,SME
"Mohon info, mau mindahin data jualan ke online biar aman.",Cloud Infrastructure & Migration,SME
Apakah bisa mau mindahin data jualan ke online biar aman.,Cloud Infrastructure & Migration,SME
butuh sistem kasir buat toko bangunan kecil.,Custom Software Development,SME
bikinin landing page buat promo produk baru umkm.,Custom Software Development,SME
"Halo, bikinin landing page buat promo produk baru toko.",Custom Software Development,SME
Butuh bantuan untuk bikinin landing page buat promo produk baru warung.,Custom Software Development,SME
bikinin landing page buat promo produk baru warung.,Custom Software Development,SME
deadline deket butuh web profil buat ukm segera.,Custom Software Development,SME
deadline deket butuh web profil buat ukm buru-buru.,Custom Software Development,SME
"Mohon info, deadline deket butuh web profil buat ukm buru-buru.",Custom Software Development,SME
Kami ingin deadline deket butuh web profil buat ukm asap.,Custom Software Development,SME
Sistem pendaftaran perizinan terpadu untuk kabupaten.,Government Solutions,Government
"Mohon info, sistem pendaftaran perizinan terpadu untuk kabupaten.",Government Solutions,Government
Audit infrastruktur data center pemerintah provinsi.,Cybersecurity Audit,Government
Kami ingin audit infrastruktur data center pemda provinsi.,Cybersecurity Audit,Government
Butuh bantuan untuk audit infrastruktur data center pemerintahan provinsi.,Cybersecurity Audit,Government
Apakah bisa audit infrastruktur data center pemerintah provinsi.,Cybersecurity Audit,Government
Konsultasi smart province untuk efisiensi publik.,IT Strategy Consulting,Government
Butuh bantuan untuk konsultasi smart province buat efisiensi publik.,IT Strategy Consulting,Government
Apakah bisa konsultasi smart province untuk efisiensi publik.,IT Strategy Consulting,Government
Web base application for public health tracking system.,Government Solutions,Government
"Mohon info, web base application for public health tracking system.",Government Solutions,Government
"Halo, web base application for public health tracking system.",Government Solutions,Government
Modernisasi sistem perpajakan daerah segera.,Government Solutions,Government
Butuh bantuan untuk modernisasi sistem perpajakan daerah secepatnya.,Government Solutions,Government
"Halo, modernisasi sistem perpajakan daerah buru-buru.",Government Solutions,Government
Kami ingin modernisasi sistem perpajakan daerah segera.,Government Solutions,Government
Butuh developer buat aplikasi mobile kantor dinas.,Custom Software Development,Government
Butuh developer buat app mobile kantor dinas.,Custom Software Development,Government
Enterprise resource planning for logistics company.,Custom Software Development,Corporate
Kami ingin enterprise resource planning for logistics company.,Custom Software Development,Corporate
Apakah bisa enterprise resource planning for logistics company.,Custom Software Development,Corporate
"Halo, enterprise resource planning for logistics company.",Custom Software Development,Corporate
Cloud optimization for high traffic e-commerce corporate.,Cloud Infrastructure & Migration,Corporate
Apakah bisa cloud optimization for high traffic e-commerce corporate.,Cloud Infrastructure & Migration,Corporate
"Halo, cloud optimization for high traffic e-commerce corporate.",Cloud Infrastructure & Migration,Corporate
Kami ingin cloud optimization for high traffic e-commerce corporate.,Cloud Infrastructure & Migration,Corporate
ISO 27001 readiness and gap analysis for enterprise.,Cybersecurity Audit,Corporate
"Mohon info, iSO 27001 readiness and gap analysis for enterprise.",Cybersecurity Audit,Corporate
Apakah bisa iSO 27001 readiness and gap analysis for enterprise.,Cybersecurity Audit,Corporate
Business process re-engineering using digital solutions.,IT Strategy Consulting,Corporate
Butuh bantuan untuk business process re-engineering using digital solutions.,IT Strategy Consulting,Corporate
Apakah bisa business process re-engineering using digital solutions.,IT Strategy Consulting,Corporate
Custom software for supply chain management system.,Custom Software Development,Corporate
Urgent setup for corporate remote working infrastructure.,Cloud Infrastructure & Migration,Corporate
Kami ingin urgent setup for corporate remote working infrastructure.,Cloud Infrastructure & Migration,Corporate
"Mohon info, urgent setup for corporate remote working infrastructure.",Cloud Infrastructure & Migration,Corporate
Apakah bisa urgent setup for corporate remote working infrastructure.,Cloud Infrastructure & Migration,Corporate
butuh applikasi buat usaha dagang kecil kecilan.,Custom Software Development,SME
mau bikin web yang murah buat usaha saya.,Custom Software Development,SME
Apakah bisa mau membangun web yang murah buat usaha saya.,Custom Software Development,SME
Butuh bantuan untuk mau membuat web yang terjangkau buat usaha saya.,Custom Software Development,SME
Kami ingin mau bikin web yang terjangkau buat usaha saya.,Custom Software Development,SME
"Halo, mau membangun web yang hemat budget buat usaha saya.",Custom Software Development,SME
konsultasi strategi biar bisnis ukm naik kelas.,IT Strategy Consulting,SME
"Halo, konsultasi strategi biar bisnis ukm naik kelas.",IT Strategy Consulting,SME
Apakah bisa konsultasi strategi biar bisnis ukm naik kelas.,IT Strategy Consulting,SME
segara butuh website buat pameran ukm besok.,Custom Software Development,SME
Butuh bantuan untuk segara butuh website buat pameran ukm besok.,Custom Software Development,SME
"Mohon info, segara butuh website buat pameran ukm besok.",Custom Software Development,SME
mindahik database ke cloud biar bisa diakses hp.,Cloud Infrastructure & Migration,SME
"Mohon info, mindahik database ke cloud biar bisa diakses hp.",Cloud Infrastructure & Migration,SME
Kami ingin mindahik database ke cloud biar bisa diakses hp.,Cloud Infrastructure & Migration,SME
butuh bantuan buat audit keamanan web toko saya.,Cybersecurity Audit,SME
E-government solutions for municipality transparency.,Government Solutions,Government
National data identity management system project.,Government Solutions,Government
Apakah bisa national data identity management system project.,Government Solutions,Government
"Mohon info, national data identity management system project.",Government Solutions,Government
Kami ingin national data identity management system project.,Government Solutions,Government
IT audit for state owned enterprise financial system.,Cybersecurity Audit,Government
Apakah bisa iT audit for state owned enterprise financial system.,Cybersecurity Audit,Government
Butuh bantuan untuk iT audit for state owned enterprise financial system.,Cybersecurity Audit,Government
Government cloud framework implementation for ministries.,Cloud Infrastructure & Migration,Government
"Halo, government cloud framework implementation for ministries.",Cloud Infrastructure & Migration,Government
Butuh bantuan untuk government cloud framework implementation for ministries.,Cloud Infrastructure & Migration,Government
Kami ingin government cloud framework implementation for ministries.,Cloud Infrastructure & Migration,Government
Public service portal for citizen engagement mobile app.,Government Solutions,Government
Apakah bisa public service portal for citizen engagement mobile app.,Government Solutions,Government
butuh sistem buat handle pajak di kementrian.,Government Solutions,Government
Multinational company needs custom CRM integration.,Custom Software Development,Corporate
Security audit for financial technology infrastructure.,Cybersecurity Audit,Corporate
Butuh bantuan untuk security audit for financial technology infrastructure.,Cybersecurity Audit,Corporate
"Mohon info, security audit for financial technology infrastructure.",Cybersecurity Audit,Corporate
Cloud migration for manufacturing plant monitoring.,Cloud Infrastructure & Migration,Corporate
Kami ingin cloud migration for manufacturing plant monitoring.,Cloud Infrastructure & Migration,Corporate
"Mohon info, cloud migration for manufacturing plant monitoring.",Cloud Infrastructure & Migration,Corporate
IT advisory for digital transformation in retail group.,IT Strategy Consulting,Corporate
Kami ingin iT advisory for digital transformation in retail group.,IT Strategy Consulting,Corporate
"Halo, iT advisory for digital transformation in retail group.",IT Strategy Consulting,Corporate
"Mohon info, iT advisory for digital transformation in retail group.",IT Strategy Consulting,Corporate
Butuh bantuan untuk iT advisory for digital transformation in retail group.,IT Strategy Consulting,Corporate
Development of employee portal for large corporation.,Custom Software Development,Corporate
Apakah bisa development of employee portal for large corporation.,Custom Software Development,Corporate
"Halo, development of employee portal for large corporation.",Custom Software Development,Corporate
"Mohon info, development of employee portal for large corporation.",Custom Software Development,Corporate
Immediate need for cybersecurity threat monitoring.,Cybersecurity Audit,Corporate
Kami ingin immediate need for cybersecurity threat monitoring.,Cybersecurity Audit,Corporate
Butuh bantuan untuk immediate need for cybersecurity threat monitoring.,Cybersecurity Audit,Corporate
"Mohon info, immediate need for cybersecurity threat monitoring.",Cybersecurity Audit,Corporate
jasa bikin website buat pedagang pasar online.,Custom Software Development,SME
Apakah bisa jasa bikin website buat pedagang pasar online.,Custom Software Development,SME
Kami ingin jasa buat website buat pedagang pasar online.,Custom Software Development,SME
"Mohon info, jasa mengembangkan website buat pedagang pasar online.",Custom Software Development,SME
Kami ingin jasa membangun website buat pedagang pasar online.,Custom Software Development,SME
mau bikin app buat monitor stok barang di gudang kecil.,Custom Software Development,SME
Apakah bisa mau buat app buat monitor stok barang di gudang kecil.,Custom Software Development,SME
"Mohon info, mau buat app buat monitor stok barang di gudang kecil.",Custom Software Development,SME
mau buat app buat monitor stok barang di gudang kecil.,Custom Software Development,SME
"Halo, mau buat app buat monitor stok barang di gudang kecil.",Custom Software Development,SME
cara biar website ukm saya aman dr hacker gmn ya.,Cybersecurity Audit,SME
"Halo, cara biar website ukm saya aman dr hacker gmn ya.",Cybersecurity Audit,SME
Kami ingin cara biar website ukm saya aman dr hacker gmn ya.,Cybersecurity Audit,SME
Butuh bantuan untuk cara biar website ukm saya aman dr hacker gmn ya.,Cybersecurity Audit,SME
migrasi server toko ke cloud biar kenceng websitenya.,Cloud Infrastructure & Migration,SME
Apakah bisa migrasi server toko ke cloud biar kenceng websitenya.,Cloud Infrastructure & Migration,SME
"Mohon info, migrasi server toko ke cloud biar kenceng websitenya.",Cloud Infrastructure & Migration,SME
"Halo, migrasi server toko ke cloud biar kenceng websitenya.",Cloud Infrastructure & Migration,SME
konsultasi buat branding digital usaha rumahan.,IT Strategy Consulting,SME
Kami ingin konsultasi buat branding digital usaha rumahan.,IT Strategy Consulting,SME
Butuh bantuan untuk konsultasi buat branding digital usaha rumahan.,IT Strategy Consulting,SME
butuh cepet web simpel buat jualan kue kering.,Custom Software Development,SME
Digitalization of land registry for national government.,Government Solutions,Government
Kami ingin digitalization of land registry for national government.,Government Solutions,Government
Butuh bantuan untuk digitalization of land registry for national government.,Government Solutions,Government
Public safety dashboard using real-time data analytics.,Government Solutions,Government
Apakah bisa public safety dashboard using real-time data analytics.,Government Solutions,Government
Kami ingin public safety dashboard using real-time data analytics.,Government Solutions,Government
"Mohon info, public safety dashboard using real-time data analytics.",Government Solutions,Government
Government cybersecurity defense for critical infrastructure.,Cybersecurity Audit,Government
Butuh bantuan untuk government cybersecurity defense for critical infrastructure.,Cybersecurity Audit,Government
"Mohon info, government cybersecurity defense for critical infrastructure.",Cybersecurity Audit,Government
Cloud adoption strategy for public education sector.,IT Strategy Consulting,Government
Kami ingin cloud adoption strategy for public education sector.,IT Strategy Consulting,Government
Apakah bisa cloud adoption strategy for public education sector.,IT Strategy Consulting,Government
Municipal waste management tracking system application.,Government Solutions,Government
Apakah bisa municipal waste management tracking system application.,Government Solutions,Government
"Mohon info, municipal waste management tracking system application.",Government Solutions,Government
"Halo, municipal waste management tracking system application.",Government Solutions,Government
butuh sistem kependudukan yang anti lag buat kecamatan.,Government Solutions,Government
Banking software for global payment processing system.,Custom Software Development,Corporate
"Mohon info, banking software for global payment processing system.",Custom Software Development,Corporate
Apakah bisa banking software for global payment processing system.,Custom Software Development,Corporate
"Halo, banking software for global payment processing system.",Custom Software Development,Corporate
Risk management analysis for corporate IT systems.,IT Strategy Consulting,Corporate
Apakah bisa risk management analysis for corporate IT systems.,IT Strategy Consulting,Corporate
Kami ingin risk management analysis for corporate IT systems.,IT Strategy Consulting,Corporate
Legacy system migration to modern cloud environment.,Cloud Infrastructure & Migration,Corporate
Kami ingin legacy system migration to modern cloud environment.,Cloud Infrastructure & Migration,Corporate
"Halo, legacy system migration to modern cloud environment.",Cloud Infrastructure & Migration,Corporate
Incident response planning for enterprise cybersecurity.,Cybersecurity Audit,Corporate
"Halo, incident response planning for enterprise cybersecurity.",Cybersecurity Audit,Corporate
"Mohon info, incident response planning for enterprise cybersecurity.",Cybersecurity Audit,Corporate
Workflow automation for HR department in big company.,Custom Software Development,Corporate
Kami ingin workflow automation for HR department in big company.,Custom Software Development,Corporate
Urgent fix for corporate server security breach.,Cybersecurity Audit,Corporate
Kami ingin urgent fix for corporate server security breach.,Cybersecurity Audit,Corporate
Apakah bisa urgent fix for corporate server security breach.,Cybersecurity Audit,Corporate
bikin app kasir yang bisa scan barcode buat ukm.,Custom Software Development,SME
"Halo, membuat app kasir yang bisa scan barcode buat ukm.",Custom Software Development,SME
Kami ingin buat app kasir yang bisa scan barcode buat ukm.,Custom Software Development,SME
mengembangkan app kasir yang bisa scan barcode buat ukm.,Custom Software Development,SME
"Halo, bikin app kasir yang bisa scan barcode buat ukm.",Custom Software Development,SME
website ukm sering down butuh dipindah ke cloud.,Cloud Infrastructure & Migration,SME
"Halo, website ukm sering down butuh dipindah ke cloud.",Cloud Infrastructure & Migration,SME
Kami ingin website ukm sering down butuh dipindah ke cloud.,Cloud Infrastructure & Migration,SME
Butuh bantuan untuk website ukm sering down butuh dipindah ke cloud.,Cloud Infrastructure & Migration,SME
biar bisnis ukm ga gaptek butuh konsultan it mending.,IT Strategy Consulting,SME
Kami ingin biar bisnis ukm ga gaptek butuh konsultan it mending.,IT Strategy Consulting,SME
"Mohon info, biar bisnis ukm ga gaptek butuh konsultan it mending.",IT Strategy Consulting,SME
butuh web buat portofolio usaha kerajinan tangan.,Custom Software Development,SME
segira butuh aplikasi android buat kurir toko saya.,Custom Software Development,SME
segira butuh software android buat kurir toko saya.,Custom Software Development,SME
Apakah bisa segira butuh app android buat kurir toko saya.,Custom Software Development,SME
"Mohon info, segira butuh software android buat kurir toko saya.",Custom Software Development,SME
Apakah bisa segira butuh software android buat kurir toko saya.,Custom Software Development,SME
cek keamanan web e-commerce kecil saya biar aman.,Cybersecurity Audit,SME
Kami ingin cek keamanan web e-commerce kecil saya biar aman.,Cybersecurity Audit,SME
Butuh bantuan untuk cek keamanan web e-commerce kecil saya biar aman.,Cybersecurity Audit,SME
Online permit system for construction and building.,Government Solutions,Government
"Halo, online permit system for construction and building.",Government Solutions,Government
Apakah bisa online permit system for construction and building.,Government Solutions,Government
Smart street lighting control system for city gov.,Government Solutions,Government
Butuh bantuan untuk smart street lighting control system for city gov.,Government Solutions,Government
"Halo, smart street lighting control system for city gov.",Government Solutions,Government
Apakah bisa smart street lighting control system for city gov.,Government Solutions,Government
National education database for student records.,Government Solutions,Government
Kami ingin national education database for student records.,Government Solutions,Government
"Mohon info, national education database for student records.",Government Solutions,Government
Security hardening for government web applications.,Cybersecurity Audit,Government
Apakah bisa security hardening for government web applications.,Cybersecurity Audit,Government
Strategic planning for nationwide digital economy.,IT Strategy Consulting,Government
Kami ingin strategic planning for nationwide digital economy.,IT Strategy Consulting,Government
"Halo, strategic planning for nationwide digital economy.",IT Strategy Consulting,Government
Apakah bisa strategic planning for nationwide digital economy.,IT Strategy Consulting,Government
Butuh bantuan untuk strategic planning for nationwide digital economy.,IT Strategy Consulting,Government
butuh apps buat pendaftaran Bansos biar transparan.,Government Solutions,Government
AI powered analytics for corporate marketing data.,Custom Software Development,Corporate
"Mohon info, aI powered analytics for corporate marketing data.",Custom Software Development,Corporate
Butuh bantuan untuk aI powered analytics for corporate marketing data.,Custom Software Development,Corporate
Apakah bisa aI powered analytics for corporate marketing data.,Custom Software Development,Corporate
Kami ingin aI powered analytics for corporate marketing data.,Custom Software Development,Corporate
Disaster recovery planning for corporate data centers.,Cloud Infrastructure & Migration,Corporate
Apakah bisa disaster recovery planning for corporate data centers.,Cloud Infrastructure & Migration,Corporate
Butuh bantuan untuk disaster recovery planning for corporate data centers.,Cloud Infrastructure & Migration,Corporate
"Mohon info, disaster recovery planning for corporate data centers.",Cloud Infrastructure & Migration,Corporate
Compliance audit for global data privacy regulations.,Cybersecurity Audit,Corporate
"Mohon info, compliance audit for global data privacy regulations.",Cybersecurity Audit,Corporate
Kami ingin compliance audit for global data privacy regulations.,Cybersecurity Audit,Corporate
Technology stack modernization for enterprise apps.,IT Strategy Consulting,Corporate
Kami ingin technology stack modernization for enterprise apps.,IT Strategy Consulting,Corporate
Apakah bisa technology stack modernization for enterprise apps.,IT Strategy Consulting,Corporate
Butuh bantuan untuk technology stack modernization for enterprise apps.,IT Strategy Consulting,Corporate
Internal communication platform for global employees.,Custom Software Development,Corporate
"Mohon info, internal communication platform for global employees.",Custom Software Development,Corporate
Butuh bantuan untuk internal communication platform for global employees.,Custom Software Development,Corporate
Urgent cloud capacity scaling for festive season sale.,Cloud Infrastructure & Migration,Corporate
Butuh bantuan untuk urgent cloud capacity scaling for festive season sale.,Cloud Infrastructure & Migration,Corporate
Kami ingin urgent cloud capacity scaling for festive season sale.,Cloud Infrastructure & Migration,Corporate
Apakah bisa urgent cloud capacity scaling for festive season sale.,Cloud Infrastructure & Migration,Corporate
pake cloud biar foto produk ukm ga ilang dimana ya.,Cloud Infrastructure & Migration,SME
Kami ingin pake cloud biar foto produk ukm ga ilang dimana ya.,Cloud Infrastructure & Migration,SME
"Halo, pake cloud biar foto produk ukm ga ilang dimana ya.",Cloud Infrastructure & Migration,SME
butuh web e-commerce yang enteng buat hp jadul.,Custom Software Development,SME
konsultasi it buat pengusaha muda yang baru mulai.,IT Strategy Consulting,SME
Butuh bantuan untuk konsultasi it buat pengusaha muda yang baru mulai.,IT Strategy Consulting,SME
"Halo, konsultasi it buat pengusaha muda yg baru mulai.",IT Strategy Consulting,SME
"Mohon info, konsultasi it buat pengusaha muda yang baru mulai.",IT Strategy Consulting,SME
Apakah bisa konsultasi it buat pengusaha muda yng baru mulai.,IT Strategy Consulting,SME
app buat nyatet hutang pelanggan di toko kelontong.,Custom Software Development,SME
"Mohon info, app buat nyatet hutang pelanggan di toko kelontong.",Custom Software Development,SME
Kami ingin app buat nyatet hutang pelanggan di toko kelontong.,Custom Software Development,SME
butuh orang buat benerin web toko yang kena malware.,Cybersecurity Audit,SME
secepatnya butuh jasa buat website umkm batik.,Custom Software Development,SME
secepatnya butuh jasa buat website warung batik.,Custom Software Development,SME
secepatnya butuh jasa buat website usaha kecil batik.,Custom Software Development,SME
"Halo, secepatnya butuh jasa buat website ukm batik.",Custom Software Development,SME
Integrated transportation management system for city.,Government Solutions,Government
"Halo, integrated transportation management system for city.",Government Solutions,Government
Butuh bantuan untuk integrated transportation management system for city.,Government Solutions,Government
Kami ingin integrated transportation management system for city.,Government Solutions,Government
"Mohon info, integrated transportation management system for city.",Government Solutions,Government
Civil servant payroll system for provincial office.,Government Solutions,Government
Apakah bisa civil servant payroll system for provincial office.,Government Solutions,Government
Kami ingin civil servant payroll system for provincial office.,Government Solutions,Government
"Mohon info, civil servant payroll system for provincial office.",Government Solutions,Government
National fire alarm monitoring dashbord system.,Government Solutions,Government
Apakah bisa national fire alarm monitoring dashbord system.,Government Solutions,Government
Kami ingin national fire alarm monitoring dashbord system.,Government Solutions,Government
Cybersecurity training for government employees.,Cybersecurity Audit,Government
Butuh bantuan untuk cybersecurity training for government employees.,Cybersecurity Audit,Government
Master plan for digitalizing agricultural sector.,IT Strategy Consulting,Government
Kami ingin master plan for digitalizing agricultural sector.,IT Strategy Consulting,Government
Apakah bisa master plan for digitalizing agricultural sector.,IT Strategy Consulting,Government
"Mohon info, master plan for digitalizing agricultural sector.",IT Strategy Consulting,Government
butuh solusi it buat urusan surat menyurat di dinas.,Government Solutions,Government
Blockchain solution for corporate supply chain tracking.,Custom Software Development,Corporate
Butuh bantuan untuk blockchain solution for corporate supply chain tracking.,Custom Software Development,Corporate
Multi-cloud strategy for redundant corporate systems.,Cloud Infrastructure & Migration,Corporate
Kami ingin multi-cloud strategy for redundant corporate systems.,Cloud Infrastructure & Migration,Corporate
Apakah bisa multi-cloud strategy for redundant corporate systems.,Cloud Infrastructure & Migration,Corporate
Ethical hacking services for enterprise protection.,Cybersecurity Audit,Corporate
"Halo, ethical hacking services for enterprise protection.",Cybersecurity Audit,Corporate
Apakah bisa ethical hacking services for enterprise protection.,Cybersecurity Audit,Corporate
Digital business model innovation consulting.,IT Strategy Consulting,Corporate
Kami ingin digital business model innovation consulting.,IT Strategy Consulting,Corporate
Inventory management system with SAP integration.,Custom Software Development,Corporate
"Halo, inventory management system with SAP integration.",Custom Software Development,Corporate
"Mohon info, inventory management system with SAP integration.",Custom Software Development,Corporate
Immediate cloud deployment for new corporate branch.,Cloud Infrastructure & Migration,Corporate
"Halo, immediate cloud deployment for new corporate branch.",Cloud Infrastructure & Migration,Corporate
butuh dev buat benerin bug di aplikasi ukm saya.,Custom Software Development,SME
butuh dev buat benerin bug di platform ukm saya.,Custom Software Development,SME
butuh dev buat benerin bug di sistem ukm saya.,Custom Software Development,SME
pindah hosting ke cloud pke vps biar mantap.,Cloud Infrastructure & Migration,SME
"Halo, pindah hosting ke cloud pke vps biar mantap.",Cloud Infrastructure & Migration,SME
Kami ingin pindah hosting ke cloud pke vps biar mantap.,Cloud Infrastructure & Migration,SME
Apakah bisa pindah hosting ke cloud pke vps biar mantap.,Cloud Infrastructure & Migration,SME
tanya tanya ttg strategi jualan di marketplace.,IT Strategy Consulting,SME
"Mohon info, tanya tanya ttg strategi jualan di marketplace.",IT Strategy Consulting,SME
butuh web profil buat pengrajin kayu segera bgt.,Custom Software Development,SME
butuh web profil buat pengrajin kayu asap bgt.,Custom Software Development,SME
butuh web profil buat pengrajin kayu buru-buru bgt.,Custom Software Development,SME
butuh web profil buat pengrajin kayu urgent bgt.,Custom Software Development,SME
butuh web profil buat pengrajin kayu secepatnya bgt.,Custom Software Development,SME
web saya dihack butuh jasa security audit murah.,Cybersecurity Audit,SME
"Mohon info, web saya dihack butuh jasa security audit terjangkau.",Cybersecurity Audit,SME
"Halo, web saya dihack butuh jasa security audit ekonomis.",Cybersecurity Audit,SME
"Mohon info, web saya dihack butuh jasa security audit ekonomis.",Cybersecurity Audit,SME
bikinin landing page buat promo baju lebaran UMKM.,Custom Software Development,SME
"Mohon info, bikinin landing page buat promo baju lebaran toko.",Custom Software Development,SME
Kami ingin bikinin landing page buat promo baju lebaran toko.,Custom Software Development,SME
bikinin landing page buat promo baju lebaran warung.,Custom Software Development,SME
Kami ingin bikinin landing page buat promo baju lebaran usaha kecil.,Custom Software Development,SME
Disaster management system for regional authority.,Government Solutions,Government
Apakah bisa disaster management system for regional authority.,Government Solutions,Government
Kami ingin disaster management system for regional authority.,Government Solutions,Government
"Halo, disaster management system for regional authority.",Government Solutions,Government
Digital library system for schools and colleges.,Government Solutions,Government
Butuh bantuan untuk digital library system for schools and colleges.,Government Solutions,Government
"Mohon info, digital library system for schools and colleges.",Government Solutions,Government
"Halo, digital library system for schools and colleges.",Government Solutions,Government
Endpoint security for government office workstations.,Cybersecurity Audit,Government
Butuh bantuan untuk endpoint security for government office workstations.,Cybersecurity Audit,Government
Kami ingin endpoint security for government office workstations.,Cybersecurity Audit,Government
Apakah bisa endpoint security for government office workstations.,Cybersecurity Audit,Government
"Halo, endpoint security for government office workstations.",Cybersecurity Audit,Government
E-procurement system for government goods & services.,Government Solutions,Government
Butuh bantuan untuk e-procurement system for government goods & services.,Government Solutions,Government
"Mohon info, e-procurement system for government goods & services.",Government Solutions,Government
Policy advisory for national data sovereignty.,IT Strategy Consulting,Government
Kami ingin policy advisory for national data sovereignty.,IT Strategy Consulting,Government
"Halo, policy advisory for national data sovereignty.",IT Strategy Consulting,Government
butuh app buat lapor lubang jalan buat warga.,Government Solutions,Government
High performance computing for corporate R&D lab.,Custom Software Development,Corporate
Apakah bisa high performance computing for corporate R&D lab.,Custom Software Development,Corporate
"Halo, high performance computing for corporate R&D lab.",Custom Software Development,Corporate
Kami ingin high performance computing for corporate R&D lab.,Custom Software Development,Corporate
Serverless architecture migration for enterprise cost.,Cloud Infrastructure & Migration,Corporate
"Halo, serverless architecture migration for enterprise cost.",Cloud Infrastructure & Migration,Corporate
Kami ingin serverless architecture migration for enterprise cost.,Cloud Infrastructure & Migration,Corporate
Cloud security posture management for corporate.,Cybersecurity Audit,Corporate
Butuh bantuan untuk cloud security posture management for corporate.,Cybersecurity Audit,Corporate
"Mohon info, cloud security posture management for corporate.",Cybersecurity Audit,Corporate
Capability maturity model integration consulting.,IT Strategy Consulting,Corporate
"Halo, capability maturity model integration consulting.",IT Strategy Consulting,Corporate
Butuh bantuan untuk capability maturity model integration consulting.,IT Strategy Consulting,Corporate
Mobile app for corporate asset tracking system.,Custom Software Development,Corporate
Apakah bisa mobile app for corporate asset tracking system.,Custom Software Development,Corporate
"Halo, mobile app for corporate asset tracking system.",Custom Software Development,Corporate
Butuh bantuan untuk mobile app for corporate asset tracking system.,Custom Software Development,Corporate
High priority cloud migration due to data center closure.,Cloud Infrastructure & Migration,Corporate
"Mohon info, high priority cloud migration due to data center closure.",Cloud Infrastructure & Migration,Corporate
mau bikin web yang ada pembayaran qris buat ukm.,Custom Software Development,SME
Kami ingin mau membangun web yang ada pembayaran qris buat ukm.,Custom Software Development,SME
"Mohon info, mau buat web yang ada pembayaran qris buat ukm.",Custom Software Development,SME
"Halo, mau bikin web yang ada pembayaran qris buat ukm.",Custom Software Development,SME
Apakah bisa mau mengembangkan web yng ada pembayaran qris buat ukm.,Custom Software Development,SME
layanan cloud yang cocok buat simpen video cctv toko.,Cloud Infrastructure & Migration,SME
"Halo, layanan cloud yang cocok buat simpen video cctv toko.",Cloud Infrastructure & Migration,SME
Apakah bisa layanan cloud yang cocok buat simpen video cctv toko.,Cloud Infrastructure & Migration,SME
mentoring bisnis digital biar ga salah langkah.,IT Strategy Consulting,SME
Apakah bisa mentoring bisnis digital biar ga salah langkah.,IT Strategy Consulting,SME
Butuh bantuan untuk mentoring bisnis digital biar ga salah langkah.,IT Strategy Consulting,SME
Kami ingin mentoring bisnis digital biar ga salah langkah.,IT Strategy Consulting,SME
aplikasi kasir buat toko hp second saya.,Custom Software Development,SME
Butuh bantuan untuk aplikasi kasir buat toko hp second saya.,Custom Software Development,SME
software kasir buat toko hp second saya.,Custom Software Development,SME
"Halo, app kasir buat toko hp second saya.",Custom Software Development,SME
cek keamanan script website biar ga gampang ditembus.,Cybersecurity Audit,SME
Butuh bantuan untuk cek keamanan script website biar ga gampang ditembus.,Cybersecurity Audit,SME
"Halo, cek keamanan script website biar ga gampang ditembus.",Cybersecurity Audit,SME
deadline deket mau bikin web landing page buat ukm.,Custom Software Development,SME
"Mohon info, deadline deket mau membangun web landing page buat ukm.",Custom Software Development,SME
Butuh bantuan untuk deadline deket mau membuat web landing page buat ukm.,Custom Software Development,SME
deadline deket mau mengembangkan web landing page buat ukm.,Custom Software Development,SME
"Halo, deadline deket mau buat web landing page buat ukm.",Custom Software Development,SME
Parliamentary voting system digitalization project.,Government Solutions,Government
Butuh bantuan untuk parliamentary voting system digitalization project.,Government Solutions,Government
Kami ingin parliamentary voting system digitalization project.,Government Solutions,Government
Public park monitoring system with IoT sensors.,Government Solutions,Government
Kami ingin public park monitoring system with IoT sensors.,Government Solutions,Government
"Mohon info, public park monitoring system with IoT sensors.",Government Solutions,Government
Centralized database for national health insurance.,Government Solutions,Government
"Halo, centralized database for national health insurance.",Government Solutions,Government
Apakah bisa centralized database for national health insurance.,Government Solutions,Government
Cyber threat intelligence service for ministries.,Cybersecurity Audit,Government
Butuh bantuan untuk cyber threat intelligence service for ministries.,Cybersecurity Audit,Government
Apakah bisa cyber threat intelligence service for ministries.,Cybersecurity Audit,Government
"Mohon info, cyber threat intelligence service for ministries.",Cybersecurity Audit,Government
Cloud first policy implementation for public sector.,IT Strategy Consulting,Government
Kami ingin cloud first policy implementation for public sector.,IT Strategy Consulting,Government
butuh dashboard buat liat real time harga pangan.,Government Solutions,Government
Data warehouse for global sales performance analytics.,Custom Software Development,Corporate
"Mohon info, data warehouse for global sales performance analytics.",Custom Software Development,Corporate
Butuh bantuan untuk data warehouse for global sales performance analytics.,Custom Software Development,Corporate
Hybrid cloud integration for corporate legacy apps.,Cloud Infrastructure & Migration,Corporate
Apakah bisa hybrid cloud integration for corporate legacy apps.,Cloud Infrastructure & Migration,Corporate
Zero trust architecture implementation for enterprise.,Cybersecurity Audit,Corporate
"Mohon info, zero trust architecture implementation for enterprise.",Cybersecurity Audit,Corporate
Apakah bisa zero trust architecture implementation for enterprise.,Cybersecurity Audit,Corporate
Kami ingin zero trust architecture implementation for enterprise.,Cybersecurity Audit,Corporate
Executive coaching for CTOs and IT leaders.,IT Strategy Consulting,Corporate
Kami ingin executive coaching for CTOs and IT leaders.,IT Strategy Consulting,Corporate
"Halo, executive coaching for CTOs and IT leaders.",IT Strategy Consulting,Corporate
Butuh bantuan untuk executive coaching for CTOs and IT leaders.,IT Strategy Consulting,Corporate
B2B portal for corporate distributor network.,Custom Software Development,Corporate
Apakah bisa b2B portal for corporate distributor network.,Custom Software Development,Corporate
Butuh bantuan untuk b2B portal for corporate distributor network.,Custom Software Development,Corporate
Kami ingin b2B portal for corporate distributor network.,Custom Software Development,Corporate
Urgent security patch for internal corporate app.,Cybersecurity Audit,Corporate
"Mohon info, urgent security patch for internal corporate app.",Cybersecurity Audit,Corporate
Apakah bisa urgent security patch for internal corporate app.,Cybersecurity Audit,Corporate
jasa benerin website ukm yang tampilannya berantakan.,Custom Software Development,SME
Butuh bantuan untuk jasa benerin website ukm yang tampilannya berantakan.,Custom Software Development,SME
"Halo, jasa benerin website ukm yang tampilannya berantakan.",Custom Software Development,SME
pindah file dari laptop ke cloud biar aman gmn.,Cloud Infrastructure & Migration,SME
"Mohon info, pindah file dari laptop ke cloud biar aman gmn.",Cloud Infrastructure & Migration,SME
Apakah bisa pindah file dari laptop ke cloud biar aman gmn.,Cloud Infrastructure & Migration,SME
Butuh bantuan untuk pindah file dari laptop ke cloud biar aman gmn.,Cloud Infrastructure & Migration,SME
sharing session ttg peluang bisnis it buat ukm.,IT Strategy Consulting,SME
"Halo, sharing session ttg peluang bisnis it buat ukm.",IT Strategy Consulting,SME
"Mohon info, sharing session ttg peluang bisnis it buat ukm.",IT Strategy Consulting,SME
Kami ingin sharing session ttg peluang bisnis it buat ukm.,IT Strategy Consulting,SME
app buat booking servis di bengkel motor ukm.,Custom Software Development,SME
Apakah bisa app buat booking servis di bengkel motor ukm.,Custom Software Development,SME
Butuh bantuan untuk app buat booking servis di bengkel motor ukm.,Custom Software Development,SME
Kami ingin app buat booking servis di bengkel motor ukm.,Custom Software Development,SME
web ukm kecurian data butuh audit segera.,Cybersecurity Audit,SME
Butuh bantuan untuk web ukm kecurian data butuh audit asap.,Cybersecurity Audit,SME
"Mohon info, web ukm kecurian data butuh audit buru-buru.",Cybersecurity Audit,SME
"Mohon info, web ukm kecurian data butuh audit secepatnya.",Cybersecurity Audit,SME
butuh cepet web simpel buat jualan kripik pedas.,Custom Software Development,SME
Digital archives system for national history museum.,Government Solutions,Government
Apakah bisa digital archives system for national history museum.,Government Solutions,Government
Butuh bantuan untuk digital archives system for national history museum.,Government Solutions,Government
Kami ingin digital archives system for national history museum.,Government Solutions,Government
Traffic violation detection system for traffic police.,Government Solutions,Government
"Halo, traffic violation detection system for traffic police.",Government Solutions,Government
Kami ingin traffic violation detection system for traffic police.,Government Solutions,Government
Apakah bisa traffic violation detection system for traffic police.,Government Solutions,Government
Online education portal for public skill development.,Government Solutions,Government
Kami ingin online education portal for public skill development.,Government Solutions,Government
"Mohon info, online education portal for public skill development.",Government Solutions,Government
Network security audit for municipal wifi project.,Cybersecurity Audit,Government
"Halo, network security audit for municipal wifi project.",Cybersecurity Audit,Government
Butuh bantuan untuk network security audit for municipal wifi project.,Cybersecurity Audit,Government
Kami ingin network security audit for municipal wifi project.,Cybersecurity Audit,Government
Roadmap for digital inclusive society initiatives.,IT Strategy Consulting,Government
"Mohon info, roadmap for digital inclusive society initiatives.",IT Strategy Consulting,Government
Apakah bisa roadmap for digital inclusive society initiatives.,IT Strategy Consulting,Government
Kami ingin roadmap for digital inclusive society initiatives.,IT Strategy Consulting,Government
butuh sistem pendataan aset kantor kementrian.,Government Solutions,Government
Custom ticketing system for corporate support desk.,Custom Software Development,Corporate
"Halo, custom ticketing system for corporate support desk.",Custom Software Development,Corporate
Apakah bisa custom ticketing system for corporate support desk.,Custom Software Development,Corporate
Mainframe to cloud migration project for big bank.,Cloud Infrastructure & Migration,Corporate
"Mohon info, mainframe to cloud migration project for big bank.",Cloud Infrastructure & Migration,Corporate
Kami ingin mainframe to cloud migration project for big bank.,Cloud Infrastructure & Migration,Corporate
"Halo, mainframe to cloud migration project for big bank.",Cloud Infrastructure & Migration,Corporate
Identity and access management for enterprise users.,Cybersecurity Audit,Corporate
"Halo, identity and access management for enterprise users.",Cybersecurity Audit,Corporate
"Mohon info, identity and access management for enterprise users.",Cybersecurity Audit,Corporate
Agile transformation consultancy for IT departments.,IT Strategy Consulting,Corporate
Kami ingin agile transformation consultancy for IT departments.,IT Strategy Consulting,Corporate
"Mohon info, agile transformation consultancy for IT departments.",IT Strategy Consulting,Corporate
Apakah bisa agile transformation consultancy for IT departments.,IT Strategy Consulting,Corporate
Automated reporting for corporate legal department.,Custom Software Development,Corporate
Kami ingin automated reporting for corporate legal department.,Custom Software Development,Corporate
Butuh bantuan untuk automated reporting for corporate legal department.,Custom Software Development,Corporate
"Halo, automated reporting for corporate legal department.",Custom Software Development,Corporate
Apakah bisa automated reporting for corporate legal department.,Custom Software Development,Corporate
Urgent scalability for global corporate webinar.,Cloud Infrastructure & Migration,Corporate
"Mohon info, urgent scalability for global corporate webinar.",Cloud Infrastructure & Migration,Corporate
Butuh bantuan untuk urgent scalability for global corporate webinar.,Cloud Infrastructure & Migration,Corporate
Apakah bisa urgent scalability for global corporate webinar.,Cloud Infrastructure & Migration,Corporate
tanya tanya ttg cara bikin website buat ukm pemula.,IT Strategy Consulting,SME
Kami ingin tanya tanya ttg cara membangun website buat ukm pemula.,IT Strategy Consulting,SME
Apakah bisa tanya tanya ttg cara buat website buat ukm pemula.,IT Strategy Consulting,SME
web ukm lemot bgt butuh optimasi server cloud.,Cloud Infrastructure & Migration,SME
Kami ingin web ukm lemot bgt butuh optimasi server cloud.,Cloud Infrastructure & Migration,SME
"Mohon info, web ukm lemot bgt butuh optimasi server cloud.",Cloud Infrastructure & Migration,SME
"Halo, web ukm lemot bgt butuh optimasi server cloud.",Cloud Infrastructure & Migration,SME
app buat stok barang yg bisa dipake offline ukm.,Custom Software Development,SME
Butuh bantuan untuk app buat stok barang yg bisa dipake offline ukm.,Custom Software Development,SME
"Halo, app buat stok barang yg bisa dipake offline ukm.",Custom Software Development,SME
Kami ingin app buat stok barang yg bisa dipake offline ukm.,Custom Software Development,SME
cek keamanan web jualan perhiasan ukm saya.,Cybersecurity Audit,SME
"Halo, cek keamanan web jualan perhiasan ukm saya.",Cybersecurity Audit,SME
"Mohon info, cek keamanan web jualan perhiasan ukm saya.",Cybersecurity Audit,SME
mau bikin web simpel buat jasa laundry kiloan.,Custom Software Development,SME
Apakah bisa mau membuat web simpel buat jasa laundry kiloan.,Custom Software Development,SME
"Halo, mau membuat web simpel buat jasa laundry kiloan.",Custom Software Development,SME
"Mohon info, mau bikin web simpel buat jasa laundry kiloan.",Custom Software Development,SME
"Halo, mau buat web simpel buat jasa laundry kiloan.",Custom Software Development,SME
segera butuh web buat promo pameran umkm lokal.,Custom Software Development,SME
Butuh bantuan untuk urgent butuh web buat promo pameran toko lokal.,Custom Software Development,SME
"Mohon info, segera butuh web buat promo pameran umkm lokal.",Custom Software Development,SME
"Mohon info, secepatnya butuh web buat promo pameran toko lokal.",Custom Software Development,SME
Apakah bisa urgent butuh web buat promo pameran ukm lokal.,Custom Software Development,SME
Maritime monitoring system for coast guard agency.,Government Solutions,Government
"Halo, maritime monitoring system for coast guard agency.",Government Solutions,Government
Butuh bantuan untuk maritime monitoring system for coast guard agency.,Government Solutions,Government
Forest fire surveillance using thermal cameras IoT.,Government Solutions,Government
Apakah bisa forest fire surveillance using thermal cameras IoT.,Government Solutions,Government
Kami ingin forest fire surveillance using thermal cameras IoT.,Government Solutions,Government
Public welfare payment distribution portal.,Government Solutions,Government
Apakah bisa public welfare payment distribution portal.,Government Solutions,Government
Kami ingin public welfare payment distribution portal.,Government Solutions,Government
"Mohon info, public welfare payment distribution portal.",Government Solutions,Government
External security audit for gov e-voting pilot.,Cybersecurity Audit,Government
"Halo, external security audit for gov e-voting pilot.",Cybersecurity Audit,Government
Apakah bisa external security audit for gov e-voting pilot.,Cybersecurity Audit,Government
National broadband expansion strategic planning.,IT Strategy Consulting,Government
"Halo, national broadband expansion strategic planning.",IT Strategy Consulting,Government
"Mohon info, national broadband expansion strategic planning.",IT Strategy Consulting,Government
Butuh bantuan untuk national broadband expansion strategic planning.,IT Strategy Consulting,Government
Apakah bisa national broadband expansion strategic planning.,IT Strategy Consulting,Government
butuh sistem buat koordinasi antar dinas segera.,Government Solutions,Government
butuh sistem buat koordinasi antar dinas urgent.,Government Solutions,Government
butuh sistem buat koordinasi antar dinas asap.,Government Solutions,Government
Global logistics tracking system using RFID.,Custom Software Development,Corporate
"Mohon info, global logistics tracking system using RFID.",Custom Software Development,Corporate
"Halo, global logistics tracking system using RFID.",Custom Software Development,Corporate
Kami ingin global logistics tracking system using RFID.,Custom Software Development,Corporate
Edge computing deployment for corporate retail shops.,Cloud Infrastructure & Migration,Corporate
"Mohon info, edge computing deployment for corporate retail shops.",Cloud Infrastructure & Migration,Corporate
Kami ingin edge computing deployment for corporate retail shops.,Cloud Infrastructure & Migration,Corporate
"Halo, edge computing deployment for corporate retail shops.",Cloud Infrastructure & Migration,Corporate
Information security advisory for corporate board.,Cybersecurity Audit,Corporate
Butuh bantuan untuk information security advisory for corporate board.,Cybersecurity Audit,Corporate
Apakah bisa information security advisory for corporate board.,Cybersecurity Audit,Corporate
IT governance and compliance consulting.,IT Strategy Consulting,Corporate
Apakah bisa iT governance and compliance consulting.,IT Strategy Consulting,Corporate
"Mohon info, iT governance and compliance consulting.",IT Strategy Consulting,Corporate
Knowledge management system for corporate research.,Custom Software Development,Corporate
Kami ingin knowledge management system for corporate research.,Custom Software Development,Corporate
"Halo, knowledge management system for corporate research.",Custom Software Development,Corporate
Immediate cloud setup for remote audit team.,Cloud Infrastructure & Migration,Corporate
"Mohon info, immediate cloud setup for remote audit team.",Cloud Infrastructure & Migration,Corporate
Kami ingin immediate cloud setup for remote audit team.,Cloud Infrastructure & Migration,Corporate
bikinin brosur digital dan web profil buat ukm.,Custom Software Development,SME
"Mohon info, bikinin brosur digital dan web profil buat ukm.",Custom Software Development,SME
Butuh bantuan untuk bikinin brosur digital dan web profil buat ukm.,Custom Software Development,SME
Apakah bisa bikinin brosur digital dan web profil buat ukm.,Custom Software Development,SME
biar web ukm ga ilang datanya pke pnyimpanan apa.,Cloud Infrastructure & Migration,SME
Apakah bisa biar web ukm ga ilang datanya pke pnyimpanan apa.,Cloud Infrastructure & Migration,SME
Kami ingin biar web ukm ga ilang datanya pke pnyimpanan apa.,Cloud Infrastructure & Migration,SME
training it buat karyawan ukm biar produktif.,IT Strategy Consulting,SME
"Halo, training it buat karyawan ukm biar produktif.",IT Strategy Consulting,SME
Apakah bisa training it buat karyawan ukm biar produktif.,IT Strategy Consulting,SME
"Mohon info, training it buat karyawan ukm biar produktif.",IT Strategy Consulting,SME
app kasir yang bisa cetak struk via bluetooth hp.,Custom Software Development,SME
"Mohon info, app kasir yang bisa cetak struk via bluetooth hp.",Custom Software Development,SME
"Halo, app kasir yang bisa cetak struk via bluetooth hp.",Custom Software Development,SME
bantu benerin keamanan web ukm yg kena deface.,Cybersecurity Audit,SME
"Halo, bantu benerin keamanan web ukm yg kena deface.",Cybersecurity Audit,SME
Butuh bantuan untuk bantu benerin keamanan web ukm yg kena deface.,Cybersecurity Audit,SME
"Mohon info, bantu benerin keamanan web ukm yg kena deface.",Cybersecurity Audit,SME
Apakah bisa bantu benerin keamanan web ukm yg kena deface.,Cybersecurity Audit,SME
butuh website buat jualan sayur online ukm.,Custom Software Development,SME
Custom web portal for citizen suggestions and feedback.,Government Solutions,Government
Butuh bantuan untuk custom web portal for citizen suggestions and feedback.,Government Solutions,Government
"Halo, custom web portal for citizen suggestions and feedback.",Government Solutions,Government
"Mohon info, custom web portal for citizen suggestions and feedback.",Government Solutions,Government
E-tax filing portal for corporate and individuals.,Government Solutions,Government
"Halo, e-tax filing portal for corporate and individuals.",Government Solutions,Government
Apakah bisa e-tax filing portal for corporate and individuals.,Government Solutions,Government
National identity verification API service for gov.,Government Solutions,Government
Apakah bisa national identity verification API service for gov.,Government Solutions,Government
Penetration testing for government portal websites.,Cybersecurity Audit,Government
"Mohon info, penetration testing for government portal websites.",Cybersecurity Audit,Government
Kami ingin penetration testing for government portal websites.,Cybersecurity Audit,Government
Butuh bantuan untuk penetration testing for government portal websites.,Cybersecurity Audit,Government
"Halo, penetration testing for government portal websites.",Cybersecurity Audit,Government
Interoperability framework for government data.,IT Strategy Consulting,Government
Butuh bantuan untuk interoperability framework for government data.,IT Strategy Consulting,Government
"Mohon info, interoperability framework for government data.",IT Strategy Consulting,Government
"Halo, interoperability framework for government data.",IT Strategy Consulting,Government
butuh sistem buat monitoring progres proyek pemda.,Government Solutions,Government
Cloud native application development for enterprise.,Custom Software Development,Corporate
"Mohon info, cloud native application development for enterprise.",Custom Software Development,Corporate
Butuh bantuan untuk cloud native application development for enterprise.,Custom Software Development,Corporate
Kubernetes cluster setup for corporate applications.,Cloud Infrastructure & Migration,Corporate
Apakah bisa kubernetes cluster setup for corporate applications.,Cloud Infrastructure & Migration,Corporate
Data loss prevention strategy for corporate data.,Cybersecurity Audit,Corporate
Apakah bisa data loss prevention strategy for corporate data.,Cybersecurity Audit,Corporate
"Mohon info, data loss prevention strategy for corporate data.",Cybersecurity Audit,Corporate
Butuh bantuan untuk data loss prevention strategy for corporate data.,Cybersecurity Audit,Corporate
Vendor management and selection consulting for IT.,IT Strategy Consulting,Corporate
"Mohon info, vendor management and selection consulting for IT.",IT Strategy Consulting,Corporate
Real-time fraud detection for corporate banking.,Custom Software Development,Corporate
"Halo, real-time fraud detection for corporate banking.",Custom Software Development,Corporate
Apakah bisa real-time fraud detection for corporate banking.,Custom Software Development,Corporate
Urgent cloud recovery after unexpected downtime.,Cloud Infrastructure & Migration,Corporate
"Mohon info, urgent cloud recovery after unexpected downtime.",Cloud Infrastructure & Migration,Corporate
Butuh bantuan untuk urgent cloud recovery after unexpected downtime.,Cloud Infrastructure & Migration,Corporate
jasa desain web ukm biar keliatan professional.,Custom Software Development,SME
"Mohon info, jasa desain web ukm biar keliatan professional.",Custom Software Development,SME
pindah domain dan hosting ke cloud biar kencang.,Cloud Infrastructure & Migration,SME
"Mohon info, pindah domain dan hosting ke cloud biar kencang.",Cloud Infrastructure & Migration,SME
Kami ingin pindah domain dan hosting ke cloud biar kencang.,Cloud Infrastructure & Migration,SME
pindah domain & hosting ke cloud biar kencang.,Cloud Infrastructure & Migration,SME
"Mohon info, pindah domain dn hosting ke cloud biar kencang.",Cloud Infrastructure & Migration,SME
web ukm mau ada fitur chat grup buat pelanggan.,Custom Software Development,SME
Kami ingin web ukm mau ada fitur chat grup buat pelanggan.,Custom Software Development,SME
Apakah bisa web ukm mau ada fitur chat grup buat pelanggan.,Custom Software Development,SME
konsultasi pilih vps cloud buat usaha toko online.,IT Strategy Consulting,SME
Apakah bisa konsultasi pilih vps cloud buat usaha toko online.,IT Strategy Consulting,SME
Butuh bantuan untuk konsultasi pilih vps cloud buat usaha toko online.,IT Strategy Consulting,SME
butuh jasa cek celah keamanan di web ukm saya.,Cybersecurity Audit,SME
secepatnya butuh landing page buat jualan jilbab umkm.,Custom Software Development,SME
secepatnya butuh landing page buat jualan jilbab toko.,Custom Software Development,SME
"Mohon info, secepatnya butuh landing page buat jualan jilbab umkm.",Custom Software Development,SME
secepatnya butuh landing page buat jualan jilbab usaha kecil.,Custom Software Development,SME
secepatnya butuh landing page buat jualan jilbab ukm.,Custom Software Development,SME
Municipal budget management and tracking system.,Government Solutions,Government
"Halo, municipal budget management and tracking system.",Government Solutions,Government
Kami ingin municipal budget management and tracking system.,Government Solutions,Government
Smart city platform for monitoring air quality.,Government Solutions,Government
Butuh bantuan untuk smart city platform for monitoring air quality.,Government Solutions,Government
"Halo, smart city platform for monitoring air quality.",Government Solutions,Government
Digital health records for public hospital network.,Government Solutions,Government
Kami ingin digital health records for public hospital network.,Government Solutions,Government
Butuh bantuan untuk digital health records for public hospital network.,Government Solutions,Government
Information security policy for national agencies.,Cybersecurity Audit,Government
"Mohon info, information security policy for national agencies.",Cybersecurity Audit,Government
Apakah bisa information security policy for national agencies.,Cybersecurity Audit,Government
"Halo, information security policy for national agencies.",Cybersecurity Audit,Government
Strategy for future-proofing government IT assets.,IT Strategy Consulting,Government
Apakah bisa strategy for future-proofing government IT assets.,IT Strategy Consulting,Government
"Halo, strategy for future-proofing government IT assets.",IT Strategy Consulting,Government
butuh sistem arsip surat menyurat elektronik dinas.,Government Solutions,Government
Corporate video portal for internal training videos.,Custom Software Development,Corporate
"Halo, corporate video portal for internal training videos.",Custom Software Development,Corporate
Kami ingin corporate video portal for internal training videos.,Custom Software Development,Corporate
Butuh bantuan untuk corporate video portal for internal training videos.,Custom Software Development,Corporate
Database sharding and scaling on cloud for enterprise.,Cloud Infrastructure & Migration,Corporate
Apakah bisa database sharding and scaling on cloud for enterprise.,Cloud Infrastructure & Migration,Corporate
Butuh bantuan untuk database sharding and scaling on cloud for enterprise.,Cloud Infrastructure & Migration,Corporate
"Mohon info, database sharding and scaling on cloud for enterprise.",Cloud Infrastructure & Migration,Corporate
Advanced encryption for corporate confidential files.,Cybersecurity Audit,Corporate
Apakah bisa advanced encryption for corporate confidential files.,Cybersecurity Audit,Corporate
Butuh bantuan untuk advanced encryption for corporate confidential files.,Cybersecurity Audit,Corporate
Benchmarking corporate IT services against market.,IT Strategy Consulting,Corporate
"Mohon info, benchmarking corporate IT services against market.",IT Strategy Consulting,Corporate
Kami ingin benchmarking corporate IT services against market.,IT Strategy Consulting,Corporate
"Halo, benchmarking corporate IT services against market.",IT Strategy Consulting,Corporate
Bespoke analytics for corporate financial reporting.,Custom Software Development,Corporate
"Halo, bespoke analytics for corporate financial reporting.",Custom Software Development,Corporate
Kami ingin bespoke analytics for corporate financial reporting.,Custom Software Development,Corporate
High priority cloud migration for m-commerce app.,Cloud Infrastructure & Migration,Corporate
Kami ingin high priority cloud migration for m-commerce app.,Cloud Infrastructure & Migration,Corporate
"Mohon info, high priority cloud migration for m-commerce app.",Cloud Infrastructure & Migration,Corporate
Butuh bantuan untuk high priority cloud migration for m-commerce app.,Cloud Infrastructure & Migration,Corporate
Apakah bisa high priority cloud migration for m-commerce app.,Cloud Infrastructure & Migration,Corporate
mau bikin katalog produk online buat ukm mebel.,Custom Software Development,SME
Butuh bantuan untuk mau membangun katalog produk online buat ukm mebel.,Custom Software Development,SME
mau mengembangkan katalog produk online buat ukm mebel.,Custom Software Development,SME
Apakah bisa mau membuat katalog produk online buat ukm mebel.,Custom Software Development,SME
tutorial mindahin web dari cpanel ke cloud ukm.,Cloud Infrastructure & Migration,SME
Apakah bisa tutorial mindahin web dari cpanel ke cloud ukm.,Cloud Infrastructure & Migration,SME
"Mohon info, tutorial mindahin web dari cpanel ke cloud ukm.",Cloud Infrastructure & Migration,SME
solusi it biar admin ukm ga pusing catet pesanan.,IT Strategy Consulting,SME
Kami ingin solusi it biar admin ukm ga pusing catet pesanan.,IT Strategy Consulting,SME
Butuh bantuan untuk solusi it biar admin ukm ga pusing catet pesanan.,IT Strategy Consulting,SME
app simpel buat manajemen reseller umkm kecil.,Custom Software Development,SME
Butuh bantuan untuk app simpel buat manajemen reseller umkm kecil.,Custom Software Development,SME
app simpel buat manajemen reseller usaha kecil kecil.,Custom Software Development,SME
Kami ingin app simpel buat manajemen reseller warung kecil.,Custom Software Development,SME
"Halo, app simpel buat manajemen reseller ukm kecil.",Custom Software Development,SME
proteksi website ukm dari ddos attack gmn caranya.,Cybersecurity Audit,SME
Apakah bisa proteksi website ukm dari ddos attack gmn caranya.,Cybersecurity Audit,SME
"Mohon info, proteksi website ukm dari ddos attack gmn caranya.",Cybersecurity Audit,SME
Butuh bantuan untuk proteksi website ukm dari ddos attack gmn caranya.,Cybersecurity Audit,SME
butuh web landing page buat produk kesehatan ukm.,Custom Software Development,SME
Official mobile app for city tourism promotion.,Government Solutions,Government
Kami ingin official mobile app for city tourism promotion.,Government Solutions,Government
Butuh bantuan untuk official mobile app for city tourism promotion.,Government Solutions,Government
Public transport card management system backend.,Government Solutions,Government
"Mohon info, public transport card management system backend.",Government Solutions,Government
"Halo, public transport card management system backend.",Government Solutions,Government
Kami ingin public transport card management system backend.,Government Solutions,Government
Secure communication system for government officials.,Government Solutions,Government
Apakah bisa secure communication system for government officials.,Government Solutions,Government
"Halo, secure communication system for government officials.",Government Solutions,Government
Butuh bantuan untuk secure communication system for government officials.,Government Solutions,Government
Kami ingin secure communication system for government officials.,Government Solutions,Government
ISO 27001 audit for provincial data center.,Cybersecurity Audit,Government
"Mohon info, iSO 27001 audit for provincial data center.",Cybersecurity Audit,Government
Apakah bisa iSO 27001 audit for provincial data center.,Cybersecurity Audit,Government
"Halo, iSO 27001 audit for provincial data center.",Cybersecurity Audit,Government
Master plan for national digital transformation.,IT Strategy Consulting,Government
Butuh bantuan untuk master plan for national digital transformation.,IT Strategy Consulting,Government
Kami ingin master plan for national digital transformation.,IT Strategy Consulting,Government
"Mohon info, master plan for national digital transformation.",IT Strategy Consulting,Government
butuh portal buat pendaftaran sekolah online negeri.,Government Solutions,Government
Predictive maintenance system for corporate factories.,Custom Software Development,Corporate
"Mohon info, predictive maintenance system for corporate factories.",Custom Software Development,Corporate
Apakah bisa predictive maintenance system for corporate factories.,Custom Software Development,Corporate
"Halo, predictive maintenance system for corporate factories.",Custom Software Development,Corporate
Butuh bantuan untuk predictive maintenance system for corporate factories.,Custom Software Development,Corporate
Cloud service cost optimization for enterprise.,Cloud Infrastructure & Migration,Corporate
"Halo, cloud service cost optimization for enterprise.",Cloud Infrastructure & Migration,Corporate
"Mohon info, cloud service cost optimization for enterprise.",Cloud Infrastructure & Migration,Corporate
Apakah bisa cloud service cost optimization for enterprise.,Cloud Infrastructure & Migration,Corporate
Vulnerability assessment for corporate web portal.,Cybersecurity Audit,Corporate
"Halo, vulnerability assessment for corporate web portal.",Cybersecurity Audit,Corporate
Apakah bisa vulnerability assessment for corporate web portal.,Cybersecurity Audit,Corporate
Kami ingin vulnerability assessment for corporate web portal.,Cybersecurity Audit,Corporate
Agile coaching for corporate project managers.,IT Strategy Consulting,Corporate
"Halo, agile coaching for corporate project managers.",IT Strategy Consulting,Corporate
"Mohon info, agile coaching for corporate project managers.",IT Strategy Consulting,Corporate
Apakah bisa agile coaching for corporate project managers.,IT Strategy Consulting,Corporate
Custom dashboard for corporate executive team.,Custom Software Development,Corporate
Apakah bisa custom dashboard for corporate executive team.,Custom Software Development,Corporate
Butuh bantuan untuk custom dashboard for corporate executive team.,Custom Software Development,Corporate
Urgent cloud infrastructure for sudden user spike.,Cloud Infrastructure & Migration,Corporate
Kami ingin urgent cloud infrastructure for sudden user spike.,Cloud Infrastructure & Migration,Corporate
"Halo, urgent cloud infrastructure for sudden user spike.",Cloud Infrastructure & Migration,Corporate
bikinin web buat gallery foto hasil karya ukm.,Custom Software Development,SME
Kami ingin bikinin web buat gallery foto hasil karya ukm.,Custom Software Development,SME
Apakah bisa bikinin web buat gallery foto hasil karya ukm.,Custom Software Development,SME
pindah data base ke cloud biar ga lemot buka web.,Cloud Infrastructure & Migration,SME
Kami ingin pindah data base ke cloud biar ga lemot buka web.,Cloud Infrastructure & Migration,SME
Butuh bantuan untuk pindah data base ke cloud biar ga lemot buka web.,Cloud Infrastructure & Migration,SME
konsultasi bisnis digital buat ukm di pelosok.,IT Strategy Consulting,SME
"Mohon info, konsultasi bisnis digital buat ukm di pelosok.",IT Strategy Consulting,SME
Kami ingin konsultasi bisnis digital buat ukm di pelosok.,IT Strategy Consulting,SME
app buat ngitung komisi sales ukm sederhana.,Custom Software Development,SME
Butuh bantuan untuk app buat ngitung komisi sales ukm sederhana.,Custom Software Development,SME
Kami ingin app buat ngitung komisi sales ukm sederhana.,Custom Software Development,SME
perbaiki keamanan sistem jualan ukm yang bocor.,Cybersecurity Audit,SME
"Mohon info, perbaiki keamanan sistem jualan ukm yang bocor.",Cybersecurity Audit,SME
Butuh bantuan untuk perbaiki keamanan sistem jualan ukm yang bocor.,Cybersecurity Audit,SME
deadline besok butuh web jualan buat bazar ukm.,Custom Software Development,SME
Butuh bantuan untuk deadline besok butuh web jualan buat bazar ukm.,Custom Software Development,SME
Kami ingin deadline besok butuh web jualan buat bazar ukm.,Custom Software Development,SME
"Halo, deadline besok butuh web jualan buat bazar ukm.",Custom Software Development,SME
State level geospatial data infrastructure system.,Government Solutions,Government
Apakah bisa state level geospatial data infrastructure system.,Government Solutions,Government
"Mohon info, state level geospatial data infrastructure system.",Government Solutions,Government
Butuh bantuan untuk state level geospatial data infrastructure system.,Government Solutions,Government
Social services case management system for dept.,Government Solutions,Government
"Halo, social services case management system for dept.",Government Solutions,Government
Apakah bisa social services case management system for dept.,Government Solutions,Government
Online platform for public petition and voting.,Government Solutions,Government
"Mohon info, online platform for public petition and voting.",Government Solutions,Government
Kami ingin online platform for public petition and voting.,Government Solutions,Government
Butuh bantuan untuk online platform for public petition and voting.,Government Solutions,Government
Security audit for national e-payment system.,Cybersecurity Audit,Government
"Halo, security audit for national e-payment system.",Cybersecurity Audit,Government
Kami ingin security audit for national e-payment system.,Cybersecurity Audit,Government
Butuh bantuan untuk security audit for national e-payment system.,Cybersecurity Audit,Government
Government data center consolidation strategy.,IT Strategy Consulting,Government
Apakah bisa government data center consolidation strategy.,IT Strategy Consulting,Government
Kami ingin government data center consolidation strategy.,IT Strategy Consulting,Government
"Mohon info, government data center consolidation strategy.",IT Strategy Consulting,Government
butuh sistem pendataan umkm buat dinas koperasi.,Government Solutions,Government
butuh sistem pendataan usaha kecil buat dinas koperasi.,Government Solutions,Government
butuh sistem pendataan ukm buat dinas koperasi.,Government Solutions,Government
butuh sistem pendataan toko buat dinas koperasi.,Government Solutions,Government
Digital twin simulation for corporate manufacturing.,Custom Software Development,Corporate
Apakah bisa digital twin simulation for corporate manufacturing.,Custom Software Development,Corporate
"Mohon info, digital twin simulation for corporate manufacturing.",Custom Software Development,Corporate
"Halo, digital twin simulation for corporate manufacturing.",Custom Software Development,Corporate
Kami ingin digital twin simulation for corporate manufacturing.,Custom Software Development,Corporate
Multi-region cloud deployment for global brand.,Cloud Infrastructure & Migration,Corporate
"Mohon info, multi-region cloud deployment for global brand.",Cloud Infrastructure & Migration,Corporate
Apakah bisa multi-region cloud deployment for global brand.,Cloud Infrastructure & Migration,Corporate
Phishing simulation and training for corporate.,Cybersecurity Audit,Corporate
Kami ingin phishing simulation and training for corporate.,Cybersecurity Audit,Corporate
Butuh bantuan untuk phishing simulation and training for corporate.,Cybersecurity Audit,Corporate
Digital leadership training for corporate execs.,IT Strategy Consulting,Corporate
Apakah bisa digital leadership training for corporate execs.,IT Strategy Consulting,Corporate
"Halo, digital leadership training for corporate execs.",IT Strategy Consulting,Corporate
Custom workflow for corporate procurement process.,Custom Software Development,Corporate
Apakah bisa custom workflow for corporate procurement process.,Custom Software Development,Corporate
"Mohon info, custom workflow for corporate procurement process.",Custom Software Development,Corporate
Critical cloud server migration before lease ends.,Cloud Infrastructure & Migration,Corporate
Butuh bantuan untuk critical cloud server migration before lease ends.,Cloud Infrastructure & Migration,Corporate
"Halo, critical cloud server migration before lease ends.",Cloud Infrastructure & Migration,Corporate
Apakah bisa critical cloud server migration before lease ends.,Cloud Infrastructure & Migration,Corporate
"Mohon info, critical cloud server migration before lease ends.",Cloud Infrastructure & Migration,Corporate
jasa benerin website ukm yang tampilannya error.,Custom Software Development,SME
Butuh bantuan untuk jasa benerin website ukm yang tampilannya error.,Custom Software Development,SME
Apakah bisa jasa benerin website ukm yang tampilannya error.,Custom Software Development,SME
web ukm mau ada fitur booking jadwal konsultasi.,Custom Software Development,SME
Butuh bantuan untuk web ukm mau ada fitur booking jadwal konsultasi.,Custom Software Development,SME
Kami ingin web ukm mau ada fitur booking jadwal konsultasi.,Custom Software Development,SME
"Halo, web ukm mau ada fitur booking jadwal konsultasi.",Custom Software Development,SME
cara daftar hosting cloud idcloudhost buat ukm.,Cloud Infrastructure & Migration,SME
Butuh bantuan untuk cara daftar hosting cloud idcloudhost buat ukm.,Cloud Infrastructure & Migration,SME
"Halo, cara daftar hosting cloud idcloudhost buat ukm.",Cloud Infrastructure & Migration,SME
bisnis ukm saya butuh bantuan roadmap teknologi.,IT Strategy Consulting,SME
Kami ingin bisnis ukm saya butuh bantuan roadmap teknologi.,IT Strategy Consulting,SME
Butuh bantuan untuk bisnis ukm saya butuh bantuan roadmap teknologi.,IT Strategy Consulting,SME
"Mohon info, bisnis ukm saya butuh bantuan roadmap teknologi.",IT Strategy Consulting,SME
security check buat website ukm yang baru launching.,Cybersecurity Audit,SME
"Halo, security check buat website ukm yang baru launching.",Cybersecurity Audit,SME
Apakah bisa security check buat website ukm yng baru launching.,Cybersecurity Audit,SME
Kami ingin security check buat website ukm yang baru launching.,Cybersecurity Audit,SME
segera butuh landing page buat jualan kopi umkm.,Custom Software Development,SME
"Mohon info, asap butuh landing page buat jualan kopi toko.",Custom Software Development,SME
"Mohon info, buru-buru butuh landing page buat jualan kopi toko.",Custom Software Development,SME
"Mohon info, buru-buru butuh landing page buat jualan kopi usaha kecil.",Custom Software Development,SME
Integrated surveillance system for public borders.,Government Solutions,Government
"Mohon info, integrated surveillance system for public borders.",Government Solutions,Government
Butuh bantuan untuk integrated surveillance system for public borders.,Government Solutions,Government
Apakah bisa integrated surveillance system for public borders.,Government Solutions,Government
Online permit system for small medical clinics.,Government Solutions,Government
Citizen grievance redressal system mobile app.,Government Solutions,Government
Apakah bisa citizen grievance redressal system mobile app.,Government Solutions,Government
"Halo, citizen grievance redressal system mobile app.",Government Solutions,Government
Database security hardening for gov census data.,Cybersecurity Audit,Government
"Mohon info, database security hardening for gov census data.",Cybersecurity Audit,Government
Apakah bisa database security hardening for gov census data.,Cybersecurity Audit,Government
"Halo, database security hardening for gov census data.",Cybersecurity Audit,Government
Kami ingin database security hardening for gov census data.,Cybersecurity Audit,Government
Architecture review for national gov portal.,IT Strategy Consulting,Government
Kami ingin architecture review for national gov portal.,IT Strategy Consulting,Government
butuh sistem buat monitor dana desa biar transparan.,Government Solutions,Government
Kami adalah perusahaan manufaktur skala besar yang sedang mengalami kendala dalam mengelola sistem inventory antar cabang dan membutuhkan solusi ERP terintegrasi untuk meningkatkan efisiensi operasional harian.,Custom Software Development,Corporate
kami adalah bisnis manufaktur skala besar yang sedang mengalami kendala dalam mengelola sistem inventory antar cabang dan membutuhkan solusi ERP terintegrasi untuk meningkatkan efisiensi operasional harian.,Custom Software Development,Corporate
Butuh bantuan untuk perusahaan kami adalah bisnis manufaktur skala besar yang sedang mengalami kendala dalam mengelola sistem inventory antar cabang dan membutuhkan solusi ERP terintegrasi untuk meningkatkan efisiensi operasional harian.,Custom Software Development,Corporate
"Mohon info, instansi kami adalah institusi manufaktur skala besar yang sedang mengalami kendala dalam mengelola sistem inventory antar cabang dan membutuhkan solusi ERP terintegrasi buat meningkatkan efisiensi operasional harian.",Custom Software Development,Corporate
kami adalah kantor manufaktur skala besar yang sedang mengalami kendala dalam mengelola sistem inventory antar cabang dan membutuhkan solusi ERP terintegrasi utk meningkatkan efisiensi operasional harian.,Custom Software Development,Corporate
Perusahaan perbankan kami ingin melakukan migrasi menyeluruh ke infrastruktur cloud karena sistem server on-premise saat ini sering mengalami downtime yang cukup parah dan sangat menghambat proses transaksi nasabah.,Cloud Infrastructure & Migration,Corporate
perusahaan perbankan saya butuh melakukan migrasi menyeluruh ke infrastruktur cloud karena sistem server on-premise saat ini sering mengalami downtime yang cukup parah dan sangat menghambat proses transaksi nasabah.,Cloud Infrastructure & Migration,Corporate
Apakah bisa kantor perbankan saya bermaksud melakukan migrasi menyeluruh ke infrastruktur cloud karena sistem server on-premise saat ini sering mengalami downtime yang cukup parah dan sangat menghambat proses transaksi nasabah.,Cloud Infrastructure & Migration,Corporate
"Mohon info, usaha perbankan kami butuh melakukan migrasi menyeluruh ke infrastruktur cloud karena sistem server on-premise saat ini sering mengalami downtime yang cukup parah dan sangat menghambat proses transaksi nasabah.",Cloud Infrastructure & Migration,Corporate
Butuh bantuan untuk bisnis perbankan instansi kami ingin melakukan migrasi menyeluruh ke infrastruktur cloud karena sistem server on-premise saat ini sering mengalami downtime yang cukup parah dan sangat menghambat proses transaksi nasabah.,Cloud Infrastructure & Migration,Corporate
"Sebagai perusahaan retail multinasional, kami membutuhkan audit keamanan sistem secara menyeluruh untuk memastikan data pelanggan kami terlindungi dari potensi kebocoran serta mematuhi regulasi privasi data yang berlaku internasional.",Cybersecurity Audit,Corporate
"Halo, sebagai kantor retail multinasional, saya membutuhkan audit keamanan sistem secara menyeluruh utk memastikan data pelanggan saya terlindungi dari potensi kebocoran serta mematuhi regulasi privasi data yang berlaku internasional.",Cybersecurity Audit,Corporate
"Mohon info, sebagai bisnis retail multinasional, instansi kami membutuhkan audit keamanan sistem secara menyeluruh untuk memastikan data pelanggan instansi kami terlindungi dari potensi kebocoran serta mematuhi regulasi privasi data yang berlaku internasional.",Cybersecurity Audit,Corporate
"Halo, sebagai kantor retail multinasional, instansi kami membutuhkan audit keamanan sistem secara menyeluruh untuk memastikan data pelanggan instansi kami terlindungi dari potensi kebocoran serta mematuhi regulasi privasi data yang berlaku internasional.",Cybersecurity Audit,Corporate
"Halo, sebagai bisnis retail multinasional, saya membutuhkan audit keamanan sistem secara menyeluruh untuk memastikan data pelanggan saya terlindungi dari potensi kebocoran serta mematuhi regulasi privasi data yang berlaku internasional.",Cybersecurity Audit,Corporate
Dewan direksi kami sedang merencanakan transformasi digital besar-besaran untuk lima tahun ke depan dan kami membutuhkan konsultan strategi IT yang berpengalaman dalam menangani perubahan budaya kerja dan teknologi.,IT Strategy Consulting,Corporate
"Halo, dewan direksi instansi kami sedang merencanakan transformasi digital besar-besaran untuk lima tahun ke depan dan instansi kami membutuhkan konsultan strategi IT yang berpengalaman dalam menangani perubahan budaya kerja dan teknologi.",IT Strategy Consulting,Corporate
Kami ingin dewan direksi saya sedang merencanakan transformasi digital besar-besaran buat lima tahun ke depan dan saya membutuhkan konsultan strategi IT yang berpengalaman dalam menangani perubahan budaya kerja dan teknologi.,IT Strategy Consulting,Corporate
Dewan direksi saya sedang merencanakan transformasi digital besar-besaran untuk lima tahun ke depan dan saya membutuhkan konsultan strategi IT yang berpengalaman dalam menangani perubahan budaya kerja dan teknologi.,IT Strategy Consulting,Corporate
Butuh bantuan untuk dewan direksi kami sedang merencanakan transformasi digital besar-besaran untuk lima tahun ke depan dan kami membutuhkan konsultan strategi IT yang berpengalaman dalam menangani perubahan budaya kerja dan teknologi.,IT Strategy Consulting,Corporate
Kami membutuhkan tim pengembang profesional untuk membangun platform procurement secara custom yang dapat menghubungkan ratusan vendor kami dalam satu sistem yang transparan dan akuntabel.,Custom Software Development,Corporate
Kami ingin instansi kami membutuhkan tim pengembang profesional untuk membangun platform procurement secara custom yang dapat menghubungkan ratusan vendor instansi kami dalam satu sistem yang transparan dan akuntabel.,Custom Software Development,Corporate
Kami ingin saya membutuhkan tim pengembang profesional utk membangun platform procurement secara custom yang dapat menghubungkan ratusan vendor saya dalam satu sistem yang transparan & akuntabel.,Custom Software Development,Corporate
Apakah bisa saya membutuhkan tim pengembang profesional untuk membangun platform procurement secara custom yang dapat menghubungkan ratusan vendor saya dalam satu sistem yang transparan dan akuntabel.,Custom Software Development,Corporate
saya membutuhkan tim pengembang profesional untuk membangun platform procurement secara custom yang dapat menghubungkan ratusan vendor saya dalam satu sistem yang transparan dan akuntabel.,Custom Software Development,Corporate
Instansi keuangan kami mendeteksi adanya aktivitas mencurigakan pada jaringan internal dan kami membutuhkan penanganan incident response segera serta penguatan perimeter keamanan siber secepat mungkin.,Cybersecurity Audit,Corporate
Instansi keuangan kita mendeteksi adanya aktivitas mencurigakan pada jaringan internal dan kita membutuhkan penanganan incident response secepatnya serta penguatan perimeter keamanan siber secepat mungkin.,Cybersecurity Audit,Corporate
Instansi keuangan perusahaan kami mendeteksi adanya aktivitas mencurigakan pada jaringan internal dan perusahaan kami membutuhkan penanganan incident response urgent serta penguatan perimeter keamanan siber secepat mungkin.,Cybersecurity Audit,Corporate
Instansi keuangan kita mendeteksi adanya aktivitas mencurigakan pada jaringan internal dan kita membutuhkan penanganan incident response urgent serta penguatan perimeter keamanan siber secepat mungkin.,Cybersecurity Audit,Corporate
Instansi keuangan kami mendeteksi adanya aktivitas mencurigakan pada jaringan internal dan kami membutuhkan penanganan incident response asap serta penguatan perimeter keamanan siber secepat mungkin.,Cybersecurity Audit,Corporate
Perusahaan logistik kami sedang bertumbuh pesat dan membutuhkan arsitektur cloud yang scalable untuk menangani lonjakan data pelacakan pengiriman barang yang mencapai jutaan transaksi per hari.,Cloud Infrastructure & Migration,Corporate
bisnis logistik instansi kami sedang bertumbuh pesat dn membutuhkan arsitektur cloud yang scalable untuk menangani lonjakan data pelacakan pengiriman barang yang mencapai jutaan transaksi per hari.,Cloud Infrastructure & Migration,Corporate
Kami ingin institusi logistik kita sedang bertumbuh pesat dan membutuhkan arsitektur cloud yang scalable untuk menangani lonjakan data pelacakan pengiriman barang yang mencapai jutaan transaksi per hari.,Cloud Infrastructure & Migration,Corporate
"Halo, bisnis logistik kita sedang bertumbuh pesat dan membutuhkan arsitektur cloud yang scalable untuk menangani lonjakan data pelacakan pengiriman barang yang mencapai jutaan transaksi per hari.",Cloud Infrastructure & Migration,Corporate
Kami ingin kantor logistik perusahaan kami sedang bertumbuh pesat dan membutuhkan arsitektur cloud yg scalable untuk menangani lonjakan data pelacakan pengiriman barang yg mencapai jutaan transaksi per hari.,Cloud Infrastructure & Migration,Corporate
Kami ingin mengembangkan sistem Human Capital Management yang disesuaikan dengan aturan ketenagakerjaan di Indonesia untuk mengelola ribuan karyawan kami yang tersebar di berbagai lokasi pabrik.,Custom Software Development,Corporate
Kami ingin instansi kami bermaksud mengembangkan sistem Human Capital Management yang disesuaikan pake aturan ketenagakerjaan di Indonesia untuk mengelola ribuan karyawan instansi kami yang tersebar di berbagai lokasi pabrik.,Custom Software Development,Corporate
Kami ingin instansi kami butuh mengembangkan sistem Human Capital Management yang disesuaikan dengan aturan ketenagakerjaan di Indonesia untuk mengelola ribuan karyawan instansi kami yang tersebar di berbagai lokasi pabrik.,Custom Software Development,Corporate
"Mohon info, perusahaan kami butuh mengembangkan sistem Human Capital Management yang disesuaikan dengan aturan ketenagakerjaan di Indonesia untuk mengelola ribuan karyawan perusahaan kami yang tersebar di berbagai lokasi pabrik.",Custom Software Development,Corporate
Apakah bisa instansi kami mau mengembangkan sistem Human Capital Management yang disesuaikan dengan aturan ketenagakerjaan di Indonesia untuk mengelola ribuan karyawan instansi kami yang tersebar di berbagai lokasi pabrik.,Custom Software Development,Corporate
Perusahaan asuransi kami membutuhkan evaluasi mendalam terhadap infrastruktur IT yang ada saat ini untuk mengidentifikasi celah efisiensi dan kerentanan keamanan sebelum melakukan ekspansi ke pasar regional.,IT Strategy Consulting,Corporate
"Halo, institusi asuransi kita membutuhkan evaluasi mendalam terhadap infrastruktur IT yang ada saat ini untuk mengidentifikasi celah efisiensi dan kerentanan keamanan sebelum melakukan ekspansi ke pasar regional.",IT Strategy Consulting,Corporate
"Halo, institusi asuransi instansi kami membutuhkan evaluasi mendalam terhadap infrastruktur IT yang ada saat ini untuk mengidentifikasi celah efisiensi dan kerentanan keamanan sebelum melakukan ekspansi ke pasar regional.",IT Strategy Consulting,Corporate
usaha asuransi perusahaan kami membutuhkan evaluasi mendalam terhadap infrastruktur IT yang ada saat ini untuk mengidentifikasi celah efisiensi dan kerentanan keamanan sebelum melakukan ekspansi ke pasar regional.,IT Strategy Consulting,Corporate
"Halo, usaha asuransi kita membutuhkan evaluasi mendalam terhadap infrastruktur IT yang ada saat ini untuk mengidentifikasi celah efisiensi dan kerentanan keamanan sebelum melakukan ekspansi ke pasar regional.",IT Strategy Consulting,Corporate
Kami membutuhkan solusi integrasi API antara sistem CRM lama kami dengan platform marketing automation baru untuk memastikan data calon pelanggan terdistribusi secara efisien tanpa ada yang terlewat.,Custom Software Development,Corporate
Butuh bantuan untuk instansi kami membutuhkan solusi integrasi API antara sistem CRM lama instansi kami dengan platform marketing automation baru untuk memastikan data calon pelanggan terdistribusi secara efisien tanpa ada yang terlewat.,Custom Software Development,Corporate
Butuh bantuan untuk perusahaan kami membutuhkan solusi integrasi API antara sistem CRM lama perusahaan kami dengan platform marketing automation baru utk memastikan data calon pelanggan terdistribusi secara efisien tanpa ada yang terlewat.,Custom Software Development,Corporate
Apakah bisa perusahaan kami membutuhkan solusi integrasi API antara sistem CRM lama perusahaan kami pake platform marketing automation baru untuk memastikan data calon pelanggan terdistribusi secara efisien tanpa ada yang terlewat.,Custom Software Development,Corporate
"Halo, instansi kami membutuhkan solusi integrasi API antara sistem CRM lama instansi kami dengan platform marketing automation baru untuk memastikan data calon pelanggan terdistribusi secara efisien tanpa ada yang terlewat.",Custom Software Development,Corporate
Our multinational healthcare group is looking to migrate sensitive medical records to a secure hybrid cloud environment while maintaining compliance with health data protection standards.,Cloud Infrastructure & Migration,Corporate
"Halo, our multinational healthcare group is looking to migrate sensitive medical records to a secure hybrid cloud environment while maintaining compliance with health data protection standards.",Cloud Infrastructure & Migration,Corporate
Butuh bantuan untuk our multinational healthcare group is looking to migrate sensitive medical records to a secure hybrid cloud environment while maintaining compliance with health data protection standards.,Cloud Infrastructure & Migration,Corporate
Apakah bisa our multinational healthcare group is looking to migrate sensitive medical records to a secure hybrid cloud environment while maintaining compliance with health data protection standards.,Cloud Infrastructure & Migration,Corporate
We need an intensive penetration testing and vulnerability assessment across our entire enterprise network to prepare for the upcoming ISO 27001 certification and ensure data integrity.,Cybersecurity Audit,Corporate
"Halo, we need an intensive penetration testing and vulnerability assessment across our entire enterprise network to prepare for the upcoming ISO 27001 certification and ensure data integrity.",Cybersecurity Audit,Corporate
Apakah bisa we need an intensive penetration testing and vulnerability assessment across our entire enterprise network to prepare for the upcoming ISO 27001 certification and ensure data integrity.,Cybersecurity Audit,Corporate
The management team requires a comprehensive IT roadmap to align our technological investments with the overall business objectives for the next fiscal year across all departments.,IT Strategy Consulting,Corporate
"Mohon info, the management team requires a comprehensive IT roadmap to align our technological investments with the overall business objectives for the next fiscal year across all departments.",IT Strategy Consulting,Corporate
"Halo, the management team requires a comprehensive IT roadmap to align our technological investments with the overall business objectives for the next fiscal year across all departments.",IT Strategy Consulting,Corporate
Kami butuh sistem analisis data berbasis AI untuk membantu departemen keuangan kami dalam mendeteksi pola kecurangan atau fraud dalam ribuan reimburse setiap bulannya secara otomatis.,Custom Software Development,Corporate
"Mohon info, perusahaan kami butuh sistem analisis data berbasis AI untuk membantu departemen keuangan perusahaan kami dalam mendeteksi pola kecurangan atau fraud dalam ribuan reimburse setiap bulannya secara otomatis.",Custom Software Development,Corporate
"Mohon info, kita butuh sistem analisis data berbasis AI untuk membantu departemen keuangan kita dalam mendeteksi pola kecurangan atau fraud dalam ribuan reimburse setiap bulannya secara otomatis.",Custom Software Development,Corporate
instansi kami butuh sistem analisis data berbasis AI utk membantu departemen keuangan instansi kami dalam mendeteksi pola kecurangan atau fraud dalam ribuan reimburse setiap bulannya secara otomatis.,Custom Software Development,Corporate
Butuh bantuan untuk saya butuh sistem analisis data berbasis AI buat membantu departemen keuangan saya dalam mendeteksi pola kecurangan atau fraud dalam ribuan reimburse setiap bulannya secara otomatis.,Custom Software Development,Corporate
Perusahaan tambang kami berencana mengimplementasikan sistem monitoring aset jarak jauh menggunakan IoT di area operasional yang sangat luas dan membutuhkan infrastruktur cloud yang tangguh.,Cloud Infrastructure & Migration,Corporate
Butuh bantuan untuk usaha tambang kita berencana mengimplementasikan sistem monitoring aset jarak jauh menggunakan IoT di area operasional yang sangat luas dan membutuhkan infrastruktur cloud yang tangguh.,Cloud Infrastructure & Migration,Corporate
perusahaan tambang perusahaan kami berencana mengimplementasikan sistem monitoring aset jarak jauh menggunakan IoT di area operasional yang sangat luas dan membutuhkan infrastruktur cloud yang tangguh.,Cloud Infrastructure & Migration,Corporate
Kami ingin institusi tambang kami berencana mengimplementasikan sistem monitoring aset jarak jauh menggunakan IoT di area operasional yang sangat luas dan membutuhkan infrastruktur cloud yang tangguh.,Cloud Infrastructure & Migration,Corporate
perusahaan tambang instansi kami berencana mengimplementasikan sistem monitoring aset jarak jauh menggunakan IoT di area operasional yang sangat luas dn membutuhkan infrastruktur cloud yang tangguh.,Cloud Infrastructure & Migration,Corporate
Requirement for an automated compliance monitoring tool that can track all legislative changes in the financial industry and update our internal policies automatically without human error.,IT Strategy Consulting,Corporate
"Mohon info, requirement for an automated compliance monitoring tool that can track all legislative changes in the financial industry and update our internal policies automatically without human error.",IT Strategy Consulting,Corporate
Kami ingin requirement for an automated compliance monitoring tool that can track all legislative changes in the financial industry and update our internal policies automatically without human error.,IT Strategy Consulting,Corporate
Kami memerlukan jasa kustomisasi aplikasi mobile internal untuk sales force kami agar mereka dapat melakukan update laporan kunjungan pelanggan secara real-time dari seluruh wilayah Indonesia.,Custom Software Development,Corporate
Apakah bisa perusahaan kami memerlukan jasa kustomisasi sistem mobile internal untuk sales force perusahaan kami agar mereka dapat melakukan update laporan kunjungan pelanggan secara real-time dari seluruh wilayah Indonesia.,Custom Software Development,Corporate
"Mohon info, saya memerlukan jasa kustomisasi app mobile internal untuk sales force saya agar mereka dapat melakukan update laporan kunjungan pelanggan secara real-time dari seluruh wilayah Indonesia.",Custom Software Development,Corporate
kami memerlukan jasa kustomisasi aplikasi mobile internal untuk sales force kami agar mereka dapat melakukan update laporan kunjungan pelanggan secara real-time dari seluruh wilayah Indonesia.,Custom Software Development,Corporate
Apakah bisa kita memerlukan jasa kustomisasi aplikasi mobile internal untuk sales force kita agar mereka dapat melakukan update laporan kunjungan pelanggan secara real-time dari seluruh wilayah Indonesia.,Custom Software Development,Corporate
Saya mengelola usaha kecil di bidang kuliner dan saat ini sangat ingin mengembangkan bisnis dengan membuat website e-commerce yang memiliki sistem pemesanan online yang mudah digunakan pelanggan.,Custom Software Development,SME
Kami ingin saya mengelola usaha kecil di bidang kuliner dan saat ini sangat ingin mengembangkan bisnis dengan membuat website e-commerce yang memiliki sistem pemesanan online yang mudah digunakan pelanggan.,Custom Software Development,SME
"Mohon info, saya mengelola usaha kecil di bidang kuliner dan saat ini sangat butuh mengembangkan bisnis dengan membuat website e-commerce yg memiliki sistem pemesanan online yg mudah digunakan pelanggan.",Custom Software Development,SME
Apakah bisa saya mengelola usaha kecil di bidang kuliner dan saat ini sangat bermaksud mengembangkan bisnis dengan membuat website e-commerce yang memiliki sistem pemesanan online yang mudah digunakan pelanggan.,Custom Software Development,SME
Saya mengelola usaha kecil di bidang kuliner dan saat ini sangat mau mengembangkan bisnis dengan membuat website e-commerce yg memiliki sistem pemesanan online yg mudah digunakan pelanggan.,Custom Software Development,SME
Usaha dagang saya selama ini dikelola secara manual dan sekarang saya ingin beralih ke sistem digital agar pencatatan transaksi serta pengelolaan stok barang di gudang menjadi lebih rapi.,Custom Software Development,SME
Usaha dagang saya selama ini dikelola secara manual dan sekarang saya bermaksud beralih ke sistem digital agar pencatatan transaksi serta pengelolaan stok barang di gudang menjadi lebih rapi.,Custom Software Development,SME
"Mohon info, usaha dagang saya selama ini dikelola secara manual dan sekarang saya butuh beralih ke sistem digital agar pencatatan transaksi serta pengelolaan stok barang di gudang menjadi lebih rapi.",Custom Software Development,SME
Kami ingin usaha dagang saya selama ini dikelola secara manual dan sekarang saya butuh beralih ke sistem digital agar pencatatan transaksi serta pengelolaan stok barang di gudang menjadi lebih rapi.,Custom Software Development,SME
Usaha dagang saya selama ini dikelola secara manual dan sekarang saya perlu beralih ke sistem digital agar pencatatan transaksi serta pengelolaan stok barang di gudang menjadi lebih rapi.,Custom Software Development,SME
Toko online saya sedang mengalami masalah pada server hosting yang sering lambat dan saya butuh bantuan untuk memindahkannya ke layanan cloud agar akses pelanggan tetap cepat dan lancar.,Cloud Infrastructure & Migration,SME
Kami ingin toko online saya sedang mengalami masalah pada server hosting yng sering lambat dan saya butuh bantuan untuk memindahkannya ke layanan cloud agar akses pelanggan tetap cepat dan lancar.,Cloud Infrastructure & Migration,SME
Butuh bantuan untuk toko online saya sedang mengalami masalah pada server hosting yang sering lambat & saya butuh bantuan untuk memindahkannya ke layanan cloud agar akses pelanggan tetap cepat & lancar.,Cloud Infrastructure & Migration,SME
Butuh bantuan untuk toko online saya sedang mengalami masalah pada server hosting yang sering lambat dan saya butuh bantuan untuk memindahkannya ke layanan cloud agar akses pelanggan tetap cepat dan lancar.,Cloud Infrastructure & Migration,SME
Bisnis keluarga kami ingin melakukan transformasi digital namun kami merasa bingung harus memulai dari mana sehingga kami membutuhkan sesi konsultasi strategi IT untuk pemula.,IT Strategy Consulting,SME
Bisnis keluarga perusahaan kami perlu melakukan transformasi digital namun perusahaan kami merasa bingung harus memulai dari mana sehingga perusahaan kami membutuhkan sesi konsultasi strategi IT untuk pemula.,IT Strategy Consulting,SME
Kami ingin bisnis keluarga instansi kami butuh melakukan transformasi digital namun instansi kami merasa bingung harus memulai dari mana sehingga instansi kami membutuhkan sesi konsultasi strategi IT untuk pemula.,IT Strategy Consulting,SME
Apakah bisa bisnis keluarga kami ingin melakukan transformasi digital namun kami merasa bingung harus memulai dari mana sehingga kami membutuhkan sesi konsultasi strategi IT untuk pemula.,IT Strategy Consulting,SME
Butuh bantuan untuk bisnis keluarga saya ingin melakukan transformasi digital namun saya merasa bingung harus memulai dari mana sehingga saya membutuhkan sesi konsultasi strategi IT buat pemula.,IT Strategy Consulting,SME
Kami butuh bantuan segera untuk melakukan pengecekan keamanan pada website toko online kami karena baru-baru ini terjadi upaya akses ilegal yang cukup mengkhawatirkan data pembeli.,Cybersecurity Audit,SME
perusahaan kami butuh bantuan secepatnya untuk melakukan pengecekan keamanan pada website toko online perusahaan kami karena baru-baru ini terjadi upaya akses ilegal yang cukup mengkhawatirkan data pembeli.,Cybersecurity Audit,SME
"Halo, saya butuh bantuan buru-buru untuk melakukan pengecekan keamanan pada website toko online saya karena baru-baru ini terjadi upaya akses ilegal yang cukup mengkhawatirkan data pembeli.",Cybersecurity Audit,SME
Apakah bisa instansi kami butuh bantuan segera untuk melakukan pengecekan keamanan pada website toko online instansi kami karena baru-baru ini terjadi upaya akses ilegal yang cukup mengkhawatirkan data pembeli.,Cybersecurity Audit,SME
"Mohon info, perusahaan kami butuh bantuan segera untuk melakukan pengecekan keamanan pada website toko online perusahaan kami karena baru-baru ini terjadi upaya akses ilegal yang cukup mengkhawatirkan data pembeli.",Cybersecurity Audit,SME
Saya butuh aplikasi kasir sederhana yang bisa diakses melalu smartphone agar saya bisa memantau penjualan di toko saya meskipun saya sedang tidak berada di lokasi.,Custom Software Development,SME
Saya butuh sistem kasir sederhana yang bisa diakses melalu smartphone agar saya bisa memantau penjualan di toko saya meskipun saya sedang tidak berada di lokasi.,Custom Software Development,SME
"Mohon info, saya butuh software kasir sederhana yng bisa diakses melalu smartphone agar saya bisa memantau penjualan di toko saya meskipun saya sedang tidak berada di lokasi.",Custom Software Development,SME
Saya butuh apk kasir sederhana yang bisa diakses melalu smartphone agar saya bisa memantau penjualan di toko saya meskipun saya sedang tidak berada di lokasi.,Custom Software Development,SME
Saya butuh software kasir sederhana yang bisa diakses melalu smartphone agar saya bisa memantau penjualan di toko saya meskipun saya sedang tidak berada di lokasi.,Custom Software Development,SME
Usaha UMKM kerajinan tangan saya mulai mendapatkan banyak orderan dari luar negeri dan saya membutuhkan website katalog internasional yang profesional untuk meningkatkan kepercayaan calon pembeli mancanegara.,Custom Software Development,SME
"Halo, usaha umkm kerajinan tangan saya mulai mendapatkan banyak orderan dari luar negeri dan saya membutuhkan website katalog internasional yang profesional utk meningkatkan kepercayaan calon pembeli mancanegara.",Custom Software Development,SME
Butuh bantuan untuk usaha usaha kecil kerajinan tangan saya mulai mendapatkan banyak orderan dari luar negeri dan saya membutuhkan website katalog internasional yang profesional untuk meningkatkan kepercayaan calon pembeli mancanegara.,Custom Software Development,SME
"Halo, usaha usaha kecil kerajinan tangan saya mulai mendapatkan banyak orderan dari luar negeri dan saya membutuhkan website katalog internasional yang profesional buat meningkatkan kepercayaan calon pembeli mancanegara.",Custom Software Development,SME
Butuh bantuan untuk usaha usaha kecil kerajinan tangan saya mulai mendapatkan banyak orderan dari luar negeri dan saya membutuhkan website katalog internasional yng profesional untuk meningkatkan kepercayaan calon pembeli mancanegara.,Custom Software Development,SME
Kami ingin bermigrasi ke penyimpanan cloud yang terjangkau karena hardisk kantor kami sering bermasalah dan kami takut dokumen-dokumen penting perusahaan hilang begitu saja.,Cloud Infrastructure & Migration,SME
Kami ingin saya bermaksud bermigrasi ke penyimpanan cloud yang terjangkau karena hardisk kantor saya sering bermasalah dan saya takut dokumen-dokumen penting bisnis hilang begitu saja.,Cloud Infrastructure & Migration,SME
kita ingin bermigrasi ke penyimpanan cloud yang terjangkau karena hardisk kantor kita sering bermasalah dan kita takut dokumen-dokumen penting perusahaan hilang begitu saja.,Cloud Infrastructure & Migration,SME
kami butuh bermigrasi ke penyimpanan cloud yang terjangkau karena hardisk kantor kami sering bermasalah dan kami takut dokumen-dokumen penting institusi hilang begitu saja.,Cloud Infrastructure & Migration,SME
"Mohon info, saya mau bermigrasi ke penyimpanan cloud yang terjangkau karena hardisk kantor saya sering bermasalah dan saya takut dokumen-dokumen penting perusahaan hilang begitu saja.",Cloud Infrastructure & Migration,SME
"Sebagai pemilik startup baru, saya butuh panduan dalam memilih teknologi yang tepat agar sistem yang kami bangun sekarang tidak cepat usang dan bisa dikembangkan terus di masa depan.",IT Strategy Consulting,SME
"Butuh bantuan untuk sebagai pemilik startup baru, saya butuh panduan dalam memilih teknologi yang tepat agar sistem yang kita bangun sekarang tidak cepat usang dn bisa dikembangkan terus di masa depan.",IT Strategy Consulting,SME
"Butuh bantuan untuk sebagai pemilik startup baru, saya butuh panduan dalam memilih teknologi yang tepat agar sistem yang kami bangun sekarang tidak cepat usang dn bisa dikembangkan terus di masa depan.",IT Strategy Consulting,SME
"Sebagai pemilik startup baru, saya butuh panduan dalam memilih teknologi yg tepat agar sistem yg perusahaan kami bangun sekarang tidak cepat usang dan bisa dikembangkan terus di masa depan.",IT Strategy Consulting,SME
"Sebagai pemilik startup baru, saya butuh panduan dalam memilih teknologi yang tepat agar sistem yang kita bangun sekarang tidak cepat usang dn bisa dikembangkan terus di masa depan.",IT Strategy Consulting,SME
Butuh pembuatan landing page yang menarik dan cepat selesai karena kami akan meluncurkan kampanye promosi produk baru untuk menyambut hari raya bulan depan.,Custom Software Development,SME
Butuh pembuatan landing page yang menarik dan cepat selesai karena instansi kami akan meluncurkan kampanye promosi produk baru untuk menyambut hari raya bulan depan.,Custom Software Development,SME
Butuh pembuatan landing page yg menarik dan cepat selesai karena saya akan meluncurkan kampanye promosi produk baru untuk menyambut hari raya bulan depan.,Custom Software Development,SME
Butuh pembuatan landing page yang menarik dan cepat selesai karena saya akan meluncurkan kampanye promosi produk baru untuk menyambut hari raya bulan depan.,Custom Software Development,SME
Butuh pembuatan landing page yang menarik dan cepat selesai karena saya akan meluncurkan kampanye promosi produk baru utk menyambut hari raya bulan depan.,Custom Software Development,SME
Saya adalah pemilik butik lokal yang ingin membuat aplikasi mobile sederhana bagi member setia agar mereka bisa mendapatkan poin dan diskon khusus setiap kali berbelanja di toko kami.,Custom Software Development,SME
Butuh bantuan untuk saya adalah pemilik butik lokal yang perlu membuat platform mobile sederhana bagi member setia agar mereka bisa mendapatkan poin dan diskon khusus setiap kali berbelanja di toko kita.,Custom Software Development,SME
"Mohon info, saya adalah pemilik butik lokal yang butuh membuat sistem mobile sederhana bagi member setia agar mereka bisa mendapatkan poin & diskon khusus setiap kali berbelanja di toko saya.",Custom Software Development,SME
"Halo, saya adalah pemilik butik lokal yang ingin membuat sistem mobile sederhana bagi member setia agar mereka bisa mendapatkan poin dan diskon khusus setiap kali berbelanja di toko instansi kami.",Custom Software Development,SME
Kami ingin saya adalah pemilik butik lokal yang bermaksud membuat aplikasi mobile sederhana bagi member setia agar mereka bisa mendapatkan poin dan diskon khusus setiap kali berbelanja di toko perusahaan kami.,Custom Software Development,SME
Usaha jasa fotokopi dan desain saya butuh sistem manajemen file di cloud yang aman agar pelanggan bisa mengirim data cetak tanpa harus datang langsung membawa flashdisk.,Cloud Infrastructure & Migration,SME
"Mohon info, usaha jasa fotokopi dan desain saya butuh sistem manajemen file di cloud yang aman agar pelanggan bisa mengirim data cetak tanpa harus datang langsung membawa flashdisk.",Cloud Infrastructure & Migration,SME
Butuh bantuan untuk usaha jasa fotokopi dan desain saya butuh sistem manajemen file di cloud yang aman agar pelanggan bisa mengirim data cetak tanpa harus datang langsung membawa flashdisk.,Cloud Infrastructure & Migration,SME
Kami ingin usaha jasa fotokopi dan desain saya butuh sistem manajemen file di cloud yang aman agar pelanggan bisa mengirim data cetak tanpa harus datang langsung membawa flashdisk.,Cloud Infrastructure & Migration,SME
Kami butuh audit keamanan untuk platform marketplace kecil yang kami kelola sendiri karena kami ingin memastikan transaksi pembayaran antar user benar-benar aman dari peretas.,Cybersecurity Audit,SME
"Halo, saya butuh audit keamanan untuk platform marketplace kecil yang saya kelola sendiri karena saya butuh memastikan transaksi pembayaran antar user benar-benar aman dari peretas.",Cybersecurity Audit,SME
Apakah bisa saya butuh audit keamanan untuk platform marketplace kecil yang saya kelola sendiri karena saya perlu memastikan transaksi pembayaran antar user benar-benar aman dari peretas.,Cybersecurity Audit,SME
"Mohon info, instansi kami butuh audit keamanan untuk platform marketplace kecil yang instansi kami kelola sendiri karena instansi kami bermaksud memastikan transaksi pembayaran antar user benar-benar aman dari peretas.",Cybersecurity Audit,SME
"Halo, kita butuh audit keamanan untuk platform marketplace kecil yang kita kelola sendiri karena kita mau memastikan transaksi pembayaran antar user benar-benar aman dari peretas.",Cybersecurity Audit,SME
Bisnis jasa laundry saya butuh bantuan untuk membuat roadmap digital agar proses operasional dari terima barang hingga pengiriman bisa dipantau secara otomatis lewat aplikasi.,IT Strategy Consulting,SME
Bisnis jasa laundry saya butuh bantuan untuk membuat roadmap digital agar proses operasional dari terima barang hingga pengiriman bisa dipantau secara otomatis lewat software.,IT Strategy Consulting,SME
Bisnis jasa laundry saya butuh bantuan untuk membuat roadmap digital agar proses operasional dari terima barang hingga pengiriman bisa dipantau secara otomatis lewat app.,IT Strategy Consulting,SME
"Mohon info, bisnis jasa laundry saya butuh bantuan untuk membuat roadmap digital agar proses operasional dari terima barang hingga pengiriman bisa dipantau secara otomatis lewat sistem.",IT Strategy Consulting,SME
Segera butuh jasa pembuatan website profil perusahaan untuk firma hukum kecil kami agar kami terlihat lebih kredibel di mata klien yang mencari jasa pengacara lewat internet.,Custom Software Development,SME
"Mohon info, segera butuh jasa pembuatan website profil usaha untuk firma hukum kecil perusahaan kami agar perusahaan kami terlihat lebih kredibel di mata klien yang mencari jasa pengacara lewat internet.",Custom Software Development,SME
asap butuh jasa pembuatan website profil bisnis untuk firma hukum kecil kami agar kami terlihat lebih kredibel di mata klien yang mencari jasa pengacara lewat internet.,Custom Software Development,SME
buru-buru butuh jasa pembuatan website profil institusi untuk firma hukum kecil kita agar kita terlihat lebih kredibel di mata klien yang mencari jasa pengacara lewat internet.,Custom Software Development,SME
segera butuh jasa pembuatan website profil usaha untuk firma hukum kecil kami agar kami terlihat lebih kredibel di mata klien yang mencari jasa pengacara lewat internet.,Custom Software Development,SME
Kami butuh sistem pencatatan keuangan yang simpel buat UMKM kami supaya kami tau berapa keuntungan bersih setiap harinya tanpa harus menghitung dengan kalkulator secara manual.,Custom Software Development,SME
kami butuh sistem pencatatan keuangan yang simpel buat umkm kami supaya kami tau berapa keuntungan bersih setiap harinya tanpa harus menghitung dengan kalkulator secara manual.,Custom Software Development,SME
kami butuh sistem pencatatan keuangan yang simpel buat warung kami supaya kami tau berapa keuntungan bersih setiap harinya tanpa harus menghitung dengan kalkulator secara manual.,Custom Software Development,SME
Butuh bantuan untuk kita butuh sistem pencatatan keuangan yg simpel buat umkm kita supaya kita tau berapa keuntungan bersih setiap harinya tanpa harus menghitung dengan kalkulator secara manual.,Custom Software Development,SME
kami butuh sistem pencatatan keuangan yang simpel buat toko kami supaya kami tau berapa keuntungan bersih setiap harinya tanpa harus menghitung dengan kalkulator secara manual.,Custom Software Development,SME
I want to build a small online store for my home-based bakery that allows customers to choose their delivery dates and pay via digital wallets or bank transfers.,Custom Software Development,SME
Apakah bisa i want to build a small online store for my home-based bakery that allows customers to choose their delivery dates and pay via digital wallets or bank transfers.,Custom Software Development,SME
"Mohon info, i want to build a small online store for my home-based bakery that allows customers to choose their delivery dates and pay via digital wallets or bank transfers.",Custom Software Development,SME
"Halo, i want to build a small online store for my home-based bakery that allows customers to choose their delivery dates and pay via digital wallets or bank transfers.",Custom Software Development,SME
Instansi pemerintah daerah kami berencana membangun sistem pelayanan publik berbasis digital yang terpadu guna meningkatkan transparansi dan efisiensi dalam setiap pengurusan administrasi kependudukan masyarakat.,Government Solutions,Government
"Halo, instansi dinas daerah saya berencana membangun sistem pelayanan publik berbasis digital yang terpadu guna meningkatkan transparansi dan efisiensi dalam setiap pengurusan administrasi kependudukan masyarakat.",Government Solutions,Government
Kami ingin instansi pemda daerah instansi kami berencana membangun sistem pelayanan publik berbasis digital yang terpadu guna meningkatkan transparansi dan efisiensi dalam setiap pengurusan administrasi kependudukan masyarakat.,Government Solutions,Government
Kami ingin instansi instansi daerah perusahaan kami berencana membangun sistem pelayanan publik berbasis digital yang terpadu guna meningkatkan transparansi dan efisiensi dalam setiap pengurusan administrasi kependudukan masyarakat.,Government Solutions,Government
Instansi instansi daerah perusahaan kami berencana membangun sistem pelayanan publik berbasis digital yang terpadu guna meningkatkan transparansi dan efisiensi dalam setiap pengurusan administrasi kependudukan masyarakat.,Government Solutions,Government
Pemerintah kota kami saat ini sangat membutuhkan dashboard smart city yang mampu menampilkan data real-time berbagai sektor untuk membantu pimpinan dalam pengambilan keputusan yang cepat dan akurat.,Government Solutions,Government
instansi kota kami saat ini sangat membutuhkan dashboard smart city yg mampu menampilkan data real-time berbagai sektor untuk membantu pimpinan dalam pengambilan keputusan yg cepat dan akurat.,Government Solutions,Government
Apakah bisa pemerintah kota instansi kami saat ini sangat membutuhkan dashboard smart city yang mampu menampilkan data real-time berbagai sektor untuk membantu pimpinan dalam pengambilan keputusan yang cepat dan akurat.,Government Solutions,Government
"Mohon info, instansi kota perusahaan kami saat ini sangat membutuhkan dashboard smart city yang mampu menampilkan data real-time berbagai sektor untuk membantu pimpinan dalam pengambilan keputusan yang cepat dan akurat.",Government Solutions,Government
Kami dari dinas kependudukan sedang mencari tim ahli untuk mengaudit keamanan basis data nasional kami guna mencegah potensi serangan siber yang dapat mengekspos informasi sensitif jutaan warga.,Cybersecurity Audit,Government
Kami ingin saya dari dinas kependudukan sedang mencari tim ahli untuk mengaudit keamanan basis data nasional saya guna mencegah potensi serangan siber yang dapat mengekspos informasi sensitif jutaan warga.,Cybersecurity Audit,Government
Apakah bisa kita dari dinas kependudukan sedang mencari tim ahli untuk mengaudit keamanan basis data nasional kita guna mencegah potensi serangan siber yg dapat mengekspos informasi sensitif jutaan warga.,Cybersecurity Audit,Government
"Halo, perusahaan kami dari dinas kependudukan sedang mencari tim ahli untuk mengaudit keamanan basis data nasional perusahaan kami guna mencegah potensi serangan siber yang dapat mengekspos informasi sensitif jutaan warga.",Cybersecurity Audit,Government
"Mohon info, saya dari dinas kependudukan sedang mencari tim ahli untuk mengaudit keamanan basis data nasional saya guna mencegah potensi serangan siber yang dapat mengekspos informasi sensitif jutaan warga.",Cybersecurity Audit,Government
Kementerian kami membutuhkan pengembangan sistem informasi manajemen aset nasional untuk melacak keberadaan dan kondisi seluruh inventaris negara yang ada di berbagai kantor perwakilan daerah.,Government Solutions,Government
Kementerian kita membutuhkan pengembangan sistem informasi manajemen aset nasional untuk melacak keberadaan dan kondisi seluruh inventaris negara yang ada di berbagai kantor perwakilan daerah.,Government Solutions,Government
Kementerian perusahaan kami membutuhkan pengembangan sistem informasi manajemen aset nasional untuk melacak keberadaan dan kondisi seluruh inventaris negara yang ada di berbagai kantor perwakilan daerah.,Government Solutions,Government
"Halo, kementerian perusahaan kami membutuhkan pengembangan sistem informasi manajemen aset nasional untuk melacak keberadaan dan kondisi seluruh inventaris negara yang ada di berbagai kantor perwakilan daerah.",Government Solutions,Government
Kementerian saya membutuhkan pengembangan sistem informasi manajemen aset nasional untuk melacak keberadaan dan kondisi seluruh inventaris negara yg ada di berbagai kantor perwakilan daerah.,Government Solutions,Government
Kami membutuhkan konsultasi strategi terkait implementasi kerangka kerja Satu Data Indonesia agar integrasi informasi antar lembaga pemerintah bisa berjalan harmonis tanpa ada tumpang tindih data.,IT Strategy Consulting,Government
Butuh bantuan untuk perusahaan kami membutuhkan konsultasi strategi terkait implementasi kerangka kerja Satu Data Indonesia agar integrasi informasi antar lembaga pemerintahan bisa berjalan harmonis tanpa ada tumpang tindih data.,IT Strategy Consulting,Government
saya membutuhkan konsultasi strategi terkait implementasi kerangka kerja Satu Data Indonesia agar integrasi informasi antar lembaga pemerintah bisa berjalan harmonis tanpa ada tumpang tindih data.,IT Strategy Consulting,Government
Kami ingin instansi kami membutuhkan konsultasi strategi terkait implementasi kerangka kerja Satu Data Indonesia agar integrasi informasi antar lembaga pemerintah bisa berjalan harmonis tanpa ada tumpang tindih data.,IT Strategy Consulting,Government
"Halo, kita membutuhkan konsultasi strategi terkait implementasi kerangka kerja Satu Data Indonesia agar integrasi informasi antar lembaga dinas bisa berjalan harmonis tanpa ada tumpang tindih data.",IT Strategy Consulting,Government
Dinas perhubungan membutuhkan aplikasi mobile yang dapat diakses warga secara luas untuk melaporkan kemacetan atau kerusakan fasilitas jalan umum secara langsung dengan koordinat GPS yang tepat.,Government Solutions,Government
"Halo, dinas perhubungan membutuhkan platform mobile yg dapat diakses warga secara luas untuk melaporkan kemacetan atau kerusakan fasilitas jalan umum secara langsung dengan koordinat GPS yg tepat.",Government Solutions,Government
"Halo, dinas perhubungan membutuhkan platform mobile yang dapat diakses warga secara luas untuk melaporkan kemacetan atau kerusakan fasilitas jalan umum secara langsung dengan koordinat GPS yang tepat.",Government Solutions,Government
Apakah bisa dinas perhubungan membutuhkan app mobile yang dapat diakses warga secara luas untuk melaporkan kemacetan atau kerusakan fasilitas jalan umum secara langsung dengan koordinat GPS yang tepat.,Government Solutions,Government
Kami ingin dinas perhubungan membutuhkan software mobile yang dapat diakses warga secara luas untuk melaporkan kemacetan atau kerusakan fasilitas jalan umum secara langsung pake koordinat GPS yang tepat.,Government Solutions,Government
Kami memerlukan migrasi infrastruktur data center pemerintah provinsi ke dalam lingkungan cloud resmi pemerintah (Pusat Data Nasional) sesuai dengan arahan kebijakan transformasi digital terbaru dari pusat.,Cloud Infrastructure & Migration,Government
Butuh bantuan untuk saya memerlukan migrasi infrastruktur data center pemda provinsi ke dalam lingkungan cloud resmi pemda (Pusat Data Nasional) sesuai dengan arahan kebijakan transformasi digital terbaru dari pusat.,Cloud Infrastructure & Migration,Government
Apakah bisa instansi kami memerlukan migrasi infrastruktur data center dinas provinsi ke dalam lingkungan cloud resmi dinas (Pusat Data Nasional) sesuai dengan arahan kebijakan transformasi digital terbaru dari pusat.,Cloud Infrastructure & Migration,Government
"Halo, kita memerlukan migrasi infrastruktur data center dinas provinsi ke dalam lingkungan cloud resmi dinas (Pusat Data Nasional) sesuai dengan arahan kebijakan transformasi digital terbaru dari pusat.",Cloud Infrastructure & Migration,Government
"Mohon info, saya memerlukan migrasi infrastruktur data center pemda provinsi ke dalam lingkungan cloud resmi pemda (Pusat Data Nasional) sesuai dengan arahan kebijakan transformasi digital terbaru dari pusat.",Cloud Infrastructure & Migration,Government
Dinas kesehatan perlu membangun sistem rekam medis elektronik yang saling terhubung antar puskesmas di seluruh kabupaten agar riwayat pengobatan pasien dapat dipantau dengan mudah dari mana saja.,Government Solutions,Government
Apakah bisa dinas kesehatan perlu membangun sistem rekam medis elektronik yang saling terhubung antar puskesmas di seluruh kabupaten agar riwayat pengobatan pasien dapat dipantau dengan mudah dari mana saja.,Government Solutions,Government
"Mohon info, dinas kesehatan perlu membangun sistem rekam medis elektronik yang saling terhubung antar puskesmas di seluruh kabupaten agar riwayat pengobatan pasien dapat dipantau dengan mudah dari mana saja.",Government Solutions,Government
Instansi pemadam kebakaran membutuhkan sistem peringatan dini dan pemantauan titik api menggunakan citra satelit yang dapat dimonitor secara real-time dari ruang kendali pusat komando.,Government Solutions,Government
Apakah bisa instansi pemadam kebakaran membutuhkan sistem peringatan dini dan pemantauan titik api menggunakan citra satelit yang dapat dimonitor secara real-time dari ruang kendali pusat komando.,Government Solutions,Government
"Mohon info, instansi pemadam kebakaran membutuhkan sistem peringatan dini dan pemantauan titik api menggunakan citra satelit yng dapat dimonitor secara real-time dari ruang kendali pusat komando.",Government Solutions,Government
Kami butuh bantuan dalam menyusun kebijakan keamanan siber internal untuk seluruh pegawai pemerintah kota agar sadar akan bahaya phishing dan bisa menjaga keamanan akun dinas masing-masing.,Cybersecurity Audit,Government
Kami ingin saya butuh bantuan dalam menyusun kebijakan keamanan siber internal untuk seluruh pegawai pemerintahan kota agar sadar akan bahaya phishing dan bisa menjaga keamanan akun dinas masing-masing.,Cybersecurity Audit,Government
kami butuh bantuan dalam menyusun kebijakan keamanan siber internal untuk seluruh pegawai pemerintah kota agar sadar akan bahaya phishing dan bisa menjaga keamanan akun dinas masing-masing.,Cybersecurity Audit,Government
"Mohon info, saya butuh bantuan dalam menyusun kebijakan keamanan siber internal untuk seluruh pegawai pemda kota agar sadar akan bahaya phishing dan bisa menjaga keamanan akun dinas masing-masing.",Cybersecurity Audit,Government
saya butuh bantuan dalam menyusun kebijakan keamanan siber internal untuk seluruh pegawai pemerintahan kota agar sadar akan bahaya phishing dan bisa menjaga keamanan akun dinas masing-masing.,Cybersecurity Audit,Government
The Ministry of Education is looking for a scalable e-learning platform to support distance learning for thousands of students in remote areas with limited internet connectivity issues.,Government Solutions,Government
Apakah bisa the Ministry of Education is looking for a scalable e-learning platform to support distance learning for thousands of students in remote areas with limited internet connectivity issues.,Government Solutions,Government
Pemerintah daerah kami butuh sistem e-procurement yang transparan untuk mengelola seluruh proyek pengadaan barang dan jasa agar terhindar dari praktik korupsi dan kolusi selama proses lelang.,Government Solutions,Government
Apakah bisa pemerintahan daerah kita butuh sistem e-procurement yang transparan untuk mengelola seluruh proyek pengadaan barang dan jasa agar terhindar dari praktik korupsi dan kolusi selama proses lelang.,Government Solutions,Government
Apakah bisa pemerintah daerah saya butuh sistem e-procurement yang transparan untuk mengelola seluruh proyek pengadaan barang dan jasa agar terhindar dari praktik korupsi dan kolusi selama proses lelang.,Government Solutions,Government
Kami ingin dinas daerah instansi kami butuh sistem e-procurement yang transparan untuk mengelola seluruh proyek pengadaan barang dan jasa agar terhindar dari praktik korupsi dan kolusi selama proses lelang.,Government Solutions,Government
Kami ingin pemda daerah instansi kami butuh sistem e-procurement yang transparan untuk mengelola seluruh proyek pengadaan barang dan jasa agar terhindar dari praktik korupsi dan kolusi selama proses lelang.,Government Solutions,Government
"Dinas Pariwisata ingin membuat portal informasi digital yang berisi peta lokasi wisata, jadwal event, dan pemesanan tiket online untuk menarik lebih banyak kunjungan wisatawan ke daerah kami.",Government Solutions,Government
"Apakah bisa dinas Pariwisata mau membuat portal informasi digital yang berisi peta lokasi wisata, jadwal event, dan pemesanan tiket online utk menarik lebih banyak kunjungan wisatawan ke daerah perusahaan kami.",Government Solutions,Government
"Halo, dinas Pariwisata bermaksud membuat portal informasi digital yang berisi peta lokasi wisata, jadwal event, dan pemesanan tiket online untuk menarik lebih banyak kunjungan wisatawan ke daerah kita.",Government Solutions,Government
"Kami ingin dinas Pariwisata perlu membuat portal informasi digital yang berisi peta lokasi wisata, jadwal event, dan pemesanan tiket online untuk menarik lebih banyak kunjungan wisatawan ke daerah saya.",Government Solutions,Government
"Dinas Pariwisata butuh membuat portal informasi digital yang berisi peta lokasi wisata, jadwal event, dan pemesanan tiket online untuk menarik lebih banyak kunjungan wisatawan ke daerah kami.",Government Solutions,Government
Audit infrastruktur jaringan di kantor dinas pendidikan sangat diperlukan karena koneksi internet sering terputus dan menghambat sistem pendaftaran sekolah online yang sedang berlangsung saat ini.,Cybersecurity Audit,Government
Apakah bisa audit infrastruktur jaringan di kantor dinas pendidikan sangat diperlukan karena koneksi internet sering terputus dan menghambat sistem pendaftaran sekolah online yang sedang berlangsung saat ini.,Cybersecurity Audit,Government
Kami membutuhkan roadmap strategis untuk digitalisasi sektor pertanian guna membantu petani lokal dalam memantau harga pasar dan mendapatkan bantuan pupuk secara tepat sasaran melalui aplikasi.,IT Strategy Consulting,Government
"Mohon info, saya membutuhkan roadmap strategis untuk digitalisasi sektor pertanian guna membantu petani lokal dalam memantau harga pasar dan mendapatkan bantuan pupuk secara tepat sasaran melalui software.",IT Strategy Consulting,Government
Apakah bisa saya membutuhkan roadmap strategis untuk digitalisasi sektor pertanian guna membantu petani lokal dalam memantau harga pasar dan mendapatkan bantuan pupuk secara tepat sasaran melalui platform.,IT Strategy Consulting,Government
"Halo, saya membutuhkan roadmap strategis untuk digitalisasi sektor pertanian guna membantu petani lokal dalam memantau harga pasar dan mendapatkan bantuan pupuk secara tepat sasaran melalui sistem.",IT Strategy Consulting,Government
kami membutuhkan roadmap strategis untuk digitalisasi sektor pertanian guna membantu petani lokal dalam memantau harga pasar dan mendapatkan bantuan pupuk secara tepat sasaran melalui sistem.,IT Strategy Consulting,Government
Kementerian Lingkungan Hidup ingin membangun dashboard pemantauan kualitas udara dan air secara nasional yang datanya diambil dari sensor IoT yang tersebar di wilayah industri.,Government Solutions,Government
Kami ingin kementerian Lingkungan Hidup bermaksud membangun dashboard pemantauan kualitas udara dan air secara nasional yang datanya diambil dari sensor IoT yang tersebar di wilayah industri.,Government Solutions,Government
Kami ingin kementerian Lingkungan Hidup butuh membangun dashboard pemantauan kualitas udara dan air secara nasional yang datanya diambil dari sensor IoT yang tersebar di wilayah industri.,Government Solutions,Government
Kementerian Lingkungan Hidup mau membangun dashboard pemantauan kualitas udara dan air secara nasional yang datanya diambil dari sensor IoT yang tersebar di wilayah industri.,Government Solutions,Government
Pengembangan sistem manajemen pengaduan warga yang responsif sangat mendesak bagi pemerintah kota agar setiap keluhan masyarakat dapat segera ditindaklanjuti oleh dinas terkait dalam waktu 24 jam.,Government Solutions,Government
Butuh bantuan untuk pengembangan sistem manajemen pengaduan warga yang responsif sangat mendesak bagi pemerintahan kota agar setiap keluhan masyarakat dapat urgent ditindaklanjuti oleh dinas terkait dalam waktu 24 jam.,Government Solutions,Government
Pengembangan sistem manajemen pengaduan warga yang responsif sangat mendesak bagi dinas kota agar setiap keluhan masyarakat dapat segera ditindaklanjuti oleh dinas terkait dalam waktu 24 jam.,Government Solutions,Government
Apakah bisa pengembangan sistem manajemen pengaduan warga yang responsif sangat mendesak bagi dinas kota agar setiap keluhan masyarakat dapat segera ditindaklanjuti oleh dinas terkait dalam waktu 24 jam.,Government Solutions,Government
"Mohon info, pengembangan sistem manajemen pengaduan warga yang responsif sangat mendesak bagi pemerintahan kota agar setiap keluhan masyarakat dapat secepatnya ditindaklanjuti oleh dinas terkait dalam waktu 24 jam.",Government Solutions,Government
Saya butuh aplikasi kasir sederhana untuk warung bakso saya yang baru buka.,Custom Software Development,SME
"Halo, saya butuh app kasir sederhana untuk warung bakso saya yang baru buka.",Custom Software Development,SME
Saya butuh sistem kasir sederhana untuk warung bakso saya yang baru buka.,Custom Software Development,SME
Kami ingin saya butuh aplikasi kasir sederhana buat warung bakso saya yang baru buka.,Custom Software Development,SME
Bagaimana cara membuat katalog produk online untuk toko baju rumahan?,Custom Software Development,SME
Kami ingin bagaimana cara membuat katalog produk online utk toko baju rumahan?,Custom Software Development,SME
Apakah bisa bagaimana cara membuat katalog produk online untuk toko baju rumahan?,Custom Software Development,SME
Usaha dagang kecil saya ingin punya website sendiri biar kelihatan profesional.,Custom Software Development,SME
"Mohon info, usaha dagang kecil saya perlu punya website sendiri biar kelihatan profesional.",Custom Software Development,SME
Usaha dagang kecil saya butuh punya website sendiri biar kelihatan profesional.,Custom Software Development,SME
Apakah bisa usaha dagang kecil saya perlu punya website sendiri biar kelihatan profesional.,Custom Software Development,SME
Apakah ada paket pembuatan website yang murah dan terjangkau untuk pemula?,Custom Software Development,SME
Apakah ada paket pembuatan website yang ekonomis dan terjangkau untuk pemula?,Custom Software Development,SME
Apakah ada paket pembuatan website yng murah dan terjangkau untuk pemula?,Custom Software Development,SME
Apakah ada paket pembuatan website yang hemat budget dan terjangkau buat pemula?,Custom Software Development,SME
Apakah ada paket pembuatan website yang terjangkau dan terjangkau untuk pemula?,Custom Software Development,SME
"Saya masih gaptek tentang internet, mau belajar cara jualan online dan kelola stok usaha.",IT Strategy Consulting,SME
"Butuh bantuan untuk saya masih gaptek tentang internet, mau belajar cara jualan online dan kelola stok usaha.",IT Strategy Consulting,SME
"Saya masih gaptek tentang internet, mau belajar cara jualan online & kelola stok usaha.",IT Strategy Consulting,SME
"Mohon info, saya masih gaptek tentang internet, mau belajar cara jualan online dan kelola stok usaha.",IT Strategy Consulting,SME
Butuh landing page sederhana untuk promosi kerajinan tangan UKM di Instagram.,Custom Software Development,SME
Butuh landing page sederhana buat promosi kerajinan tangan UKM di Instagram.,Custom Software Development,SME
Konsultasi budget hemat untuk usaha rintisan kuliner yang ingin pindah ke digital.,IT Strategy Consulting,SME
Apakah bisa konsultasi budget hemat untuk usaha rintisan kuliner yang mau pindah ke digital.,IT Strategy Consulting,SME
Apakah bisa konsultasi budget hemat untuk usaha rintisan kuliner yang ingin pindah ke digital.,IT Strategy Consulting,SME
"Halo, konsultasi budget hemat untuk usaha rintisan kuliner yang mau pindah ke digital.",IT Strategy Consulting,SME
Konsultasi budget hemat buat usaha rintisan kuliner yg mau pindah ke digital.,IT Strategy Consulting,SME
Mau buat toko online sendiri tanpa ribet karena saya cuma sendiri kelola warung.,Custom Software Development,SME
"Mohon info, mau buat toko online sendiri tanpa ribet karena saya cuma sendiri kelola warung.",Custom Software Development,SME
"Halo, mau buat toko online sendiri tanpa ribet karena saya cuma sendiri kelola warung.",Custom Software Development,SME
Bisa bikinin aplikasi kasir yang gampang dipakai untuk toko kelontong kecil?,Custom Software Development,SME
Bisa bikinin sistem kasir yang gampang dipakai untuk toko kelontong kecil?,Custom Software Development,SME
"Mohon info, bisa bikinin sistem kasir yang gampang dipakai untuk toko kelontong kecil?",Custom Software Development,SME
Kami ingin bisa bikinin software kasir yang gampang dipakai untuk toko kelontong kecil?,Custom Software Development,SME
Berapa biaya pembuatan web sederhana untuk usaha laundry kiloan saya?,Custom Software Development,SME
"Mohon info, berapa biaya pembuatan web sederhana buat usaha laundry kiloan saya?",Custom Software Development,SME
"Halo, berapa biaya pembuatan web sederhana untuk usaha laundry kiloan saya?",Custom Software Development,SME
Kami ingin berapa biaya pembuatan web sederhana untuk usaha laundry kiloan saya?,Custom Software Development,SME
Butuh bantuan untuk berapa biaya pembuatan web sederhana untuk usaha laundry kiloan saya?,Custom Software Development,SME
Pengen konsul cara optimasi penjualan di marketplace dan website untuk bisnis kecil.,IT Strategy Consulting,SME
Apakah bisa pengen konsul cara optimasi penjualan di marketplace dan website untuk bisnis kecil.,IT Strategy Consulting,SME
"Mohon info, pengen konsul cara optimasi penjualan di marketplace dan website untuk bisnis kecil.",IT Strategy Consulting,SME
Kami ingin pengen konsul cara optimasi penjualan di marketplace dan website untuk bisnis kecil.,IT Strategy Consulting,SME
"Saya punya bengkel motor kecil, butuh aplikasi catat servis dan pembukuan harian.",Custom Software Development,SME
"Apakah bisa saya punya bengkel motor kecil, butuh app catat servis dan pembukuan harian.",Custom Software Development,SME
"Kami ingin saya punya bengkel motor kecil, butuh sistem catat servis & pembukuan harian.",Custom Software Development,SME
"Saya punya bengkel motor kecil, butuh software catat servis dan pembukuan harian.",Custom Software Development,SME
"Apakah bisa saya punya bengkel motor kecil, butuh platform catat servis dan pembukuan harian.",Custom Software Development,SME
Apakah bisa buatkan website profil toko furniture rumahan dengan harga bersahabat?,Custom Software Development,SME
Apakah bisa buatkan website profil toko furniture rumahan pakai harga bersahabat?,Custom Software Development,SME
"Usaha kecil saya sering kehilangan data catatan kertas, mau pindah ke sistem digital sederhana.",Cloud Infrastructure & Migration,SME
"Halo, usaha kecil saya sering kehilangan data catatan kertas, mau pindah ke sistem digital sederhana.",Cloud Infrastructure & Migration,SME
"Apakah bisa usaha kecil saya sering kehilangan data catatan kertas, mau pindah ke sistem digital sederhana.",Cloud Infrastructure & Migration,SME
Butuh bantuan setting email bisnis dan domain untuk toko online rintisan.,Cloud Infrastructure & Migration,SME
Butuh bantuan setting email bisnis dan domain buat toko online rintisan.,Cloud Infrastructure & Migration,SME
Kami adalah komunitas pengrajin batik lokal yang butuh website promosi wisata dan produk.,Custom Software Development,SME
"Halo, kita adalah komunitas pengrajin batik lokal yang butuh website promosi wisata dan produk.",Custom Software Development,SME
"Halo, perusahaan kami adalah komunitas pengrajin batik lokal yang butuh website promosi wisata dan produk.",Custom Software Development,SME
Butuh bantuan untuk perusahaan kami adalah komunitas pengrajin batik lokal yng butuh website promosi wisata dan produk.,Custom Software Development,SME
Apakah bisa saya adalah komunitas pengrajin batik lokal yang butuh website promosi wisata dan produk.,Custom Software Development,SME
Toko roti saya mau pasang sistem pesanan online lewat whatsapp dan website kecil.,Custom Software Development,SME
Apakah bisa toko roti saya mau pasang sistem pesanan online lewat whatsapp dan website kecil.,Custom Software Development,SME
Kami ingin toko roti saya mau pasang sistem pesanan online lewat whatsapp dan website kecil.,Custom Software Development,SME
"Halo, toko roti saya mau pasang sistem pesanan online lewat whatsapp & website kecil.",Custom Software Development,SME
Butuh bantuan untuk toko roti saya mau pasang sistem pesanan online lewat whatsapp & website kecil.,Custom Software Development,SME
Mau tanya jasa bikin web e-commerce sederhana dengan budget maksimal 5 juta.,Custom Software Development,SME
"Halo, mau tanya jasa mengembangkan web e-commerce sederhana dengan budget maksimal 5 juta.",Custom Software Development,SME
"Mohon info, mau tanya jasa membuat web e-commerce sederhana dengan budget maksimal 5 juta.",Custom Software Development,SME
Butuh bantuan untuk mau tanya jasa membuat web e-commerce sederhana dengan budget maksimal 5 juta.,Custom Software Development,SME
Mau tanya jasa buat web e-commerce sederhana dengan budget maksimal 5 juta.,Custom Software Development,SME
Bagaimana cara mengamankan data pelanggan di website toko kecil saya agar tidak diretas?,Cybersecurity Audit,SME
Kami ingin bagaimana cara mengamankan data pelanggan di website toko kecil saya agar tidak diretas?,Cybersecurity Audit,SME
"Mohon info, bagaimana cara mengamankan data pelanggan di website toko kecil saya agar tidak diretas?",Cybersecurity Audit,SME
Butuh bantuan untuk bagaimana cara mengamankan data pelanggan di website toko kecil saya agar tidak diretas?,Cybersecurity Audit,SME
"Saya pemula di bisnis kopi susu, butuh sistem POS yang simpel dan hemat.",Custom Software Development,SME
"Butuh bantuan untuk saya pemula di bisnis kopi susu, butuh sistem POS yang simpel dn hemat.",Custom Software Development,SME
"Halo, saya pemula di bisnis kopi susu, butuh sistem POS yang simpel dan hemat.",Custom Software Development,SME
"Mohon info, saya pemula di bisnis kopi susu, butuh sistem POS yang simpel dan hemat.",Custom Software Development,SME
"Apakah bisa saya pemula di bisnis kopi susu, butuh sistem POS yang simpel dan hemat.",Custom Software Development,SME
Pelatihan dan pendampingan IT untuk pelaku UMKM daerah agar bisa go digital.,IT Strategy Consulting,SME
"Mohon info, pelatihan dan pendampingan IT untuk pelaku warung daerah agar bisa go digital.",IT Strategy Consulting,SME
"Halo, pelatihan dan pendampingan IT untuk pelaku toko daerah agar bisa go digital.",IT Strategy Consulting,SME
"Mohon info, pelatihan dan pendampingan IT untuk pelaku umkm daerah agar bisa go digital.",IT Strategy Consulting,SME
Apakah bisa pelatihan & pendampingan IT untuk pelaku usaha kecil daerah agar bisa go digital.,IT Strategy Consulting,SME
Pembuatan website katalog murah untuk promosi produk camilan tradisional ukm.,Custom Software Development,SME
Apakah bisa pembuatan website katalog murah untuk promosi produk camilan tradisional ukm.,Custom Software Development,SME
Pembuatan website katalog ekonomis untuk promosi produk camilan tradisional ukm.,Custom Software Development,SME
"Mohon info, pembuatan website katalog murah untuk promosi produk camilan tradisional ukm.",Custom Software Development,SME
Aplikasi pencatatan keuangan harian untuk pedagang pasar tradisional.,Custom Software Development,SME
"Halo, software pencatatan keuangan harian untuk pedagang pasar tradisional.",Custom Software Development,SME
Apakah bisa aplikasi pencatatan keuangan harian untuk pedagang pasar tradisional.,Custom Software Development,SME
"Halo, aplikasi pencatatan keuangan harian untuk pedagang pasar tradisional.",Custom Software Development,SME
Butuh bantuan untuk app pencatatan keuangan harian untuk pedagang pasar tradisional.,Custom Software Development,SME
Kami dari koperasi ukm membutuhkan sistem informasi anggota yang sederhana.,Custom Software Development,SME
kami dari koperasi ukm membutuhkan sistem informasi anggota yang sederhana.,Custom Software Development,SME
Apakah bisa kita dari koperasi ukm membutuhkan sistem informasi anggota yg sederhana.,Custom Software Development,SME
Bisnis warung kopi saya mau upgrade punya sistem membership sederhana digital.,Custom Software Development,SME
Butuh bantuan untuk bisnis warung kopi saya mau upgrade punya sistem membership sederhana digital.,Custom Software Development,SME
"Mohon info, bisnis warung kopi saya mau upgrade punya sistem membership sederhana digital.",Custom Software Development,SME
Konsultasi digital marketing dan pembuatan landing page promo diskon toko saya.,IT Strategy Consulting,SME
Kami ingin konsultasi digital marketing dn pembuatan landing page promo diskon toko saya.,IT Strategy Consulting,SME
"Mohon info, konsultasi digital marketing dan pembuatan landing page promo diskon toko saya.",IT Strategy Consulting,SME
Butuh bantuan untuk konsultasi digital marketing dan pembuatan landing page promo diskon toko saya.,IT Strategy Consulting,SME
Apakah bisa konsultasi digital marketing dan pembuatan landing page promo diskon toko saya.,IT Strategy Consulting,SME
Butuh pembenahan website ukm saya yang sering error saat dibuka dari hp.,Custom Software Development,SME
Butuh pembenahan website ukm saya yng sering error saat dibuka dari hp.,Custom Software Development,SME
Aplikasi inventaris barang ringan untuk gudang toko bangunan kecil.,Custom Software Development,SME
"Mohon info, aplikasi inventaris barang ringan untuk gudang toko bangunan kecil.",Custom Software Development,SME
Butuh bantuan untuk platform inventaris barang ringan untuk gudang toko bangunan kecil.,Custom Software Development,SME
Butuh bantuan untuk sistem inventaris barang ringan untuk gudang toko bangunan kecil.,Custom Software Development,SME
Butuh bantuan untuk aplikasi inventaris barang ringan buat gudang toko bangunan kecil.,Custom Software Development,SME
Cara mudah simpan foto produk dan katalog usaha kecil ke cloud agar tidak penuh di hp.,Cloud Infrastructure & Migration,SME
Cara mudah simpan foto produk dn katalog usaha kecil ke cloud agar tidak penuh di hp.,Cloud Infrastructure & Migration,SME
Butuh bantuan untuk cara mudah simpan foto produk dan katalog usaha kecil ke cloud agar tidak penuh di hp.,Cloud Infrastructure & Migration,SME
Jasa pembuatan web instan untuk toko bunga rumahan dengan desain menarik.,Custom Software Development,SME
"Halo, jasa pembuatan web instan untuk toko bunga rumahan dengan desain menarik.",Custom Software Development,SME
Kami ingin jasa pembuatan web instan untuk toko bunga rumahan dengan desain menarik.,Custom Software Development,SME
"Saya baru merintis usaha katering, butuh website pemesanan menu harian simpel.",Custom Software Development,SME
"Halo, saya baru merintis usaha katering, butuh website pemesanan menu harian simpel.",Custom Software Development,SME
"Mohon info, saya baru merintis usaha katering, butuh website pemesanan menu harian simpel.",Custom Software Development,SME
Apakah ada program khusus pengembangan teknologi untuk pelaku ukm dan wirausaha mikro?,IT Strategy Consulting,SME
Apakah ada program khusus pengembangan teknologi utk pelaku ukm dan wirausaha mikro?,IT Strategy Consulting,SME
Apakah ada program khusus pengembangan teknologi buat pelaku ukm dan wirausaha mikro?,IT Strategy Consulting,SME
Sistem kasir berbasis tablet untuk warung makan lesehan keluarga.,Custom Software Development,SME
Apakah bisa sistem kasir berbasis tablet untuk warung makan lesehan keluarga.,Custom Software Development,SME
Pembuatan aplikasi pengingat tagihan untuk toko pulsa dan kuota kecil.,Custom Software Development,SME
Pembuatan app pengingat tagihan untuk toko pulsa dan kuota kecil.,Custom Software Development,SME
Pembuatan software pengingat tagihan untuk toko pulsa dan kuota kecil.,Custom Software Development,SME
Ingin migrasi data pembukuan excel toko ke sistem cloud murah dan mudah.,Cloud Infrastructure & Migration,SME
Apakah bisa ingin migrasi data pembukuan excel toko ke sistem cloud hemat budget dn mudah.,Cloud Infrastructure & Migration,SME
Kami ingin mau migrasi data pembukuan excel toko ke sistem cloud murah & mudah.,Cloud Infrastructure & Migration,SME
Apakah bisa bermaksud migrasi data pembukuan excel toko ke sistem cloud hemat budget dan mudah.,Cloud Infrastructure & Migration,SME
Butuh bantuan untuk mau migrasi data pembukuan excel toko ke sistem cloud terjangkau dn mudah.,Cloud Infrastructure & Migration,SME
Audit keamanan dasar untuk web toko online ukm supaya terhindar dari penipuan.,Cybersecurity Audit,SME
"Mohon info, audit keamanan dasar untuk web toko online ukm supaya terhindar dari penipuan.",Cybersecurity Audit,SME
"Mohon info, audit keamanan dasar utk web toko online ukm supaya terhindar dari penipuan.",Cybersecurity Audit,SME
Kami ingin audit keamanan dasar untuk web toko online ukm supaya terhindar dari penipuan.,Cybersecurity Audit,SME
Bagaimana cara membuat sistem reservasi meja sederhana untuk kedai kopi kecil?,Custom Software Development,SME
"Halo, bagaimana cara membuat sistem reservasi meja sederhana utk kedai kopi kecil?",Custom Software Development,SME
Kami ingin bagaimana cara membuat sistem reservasi meja sederhana untuk kedai kopi kecil?,Custom Software Development,SME
"Mohon info, bagaimana cara membuat sistem reservasi meja sederhana untuk kedai kopi kecil?",Custom Software Development,SME
Kami ukm produsen sepatu lokal butuh website profil dan toko resmi terintegrasi.,Custom Software Development,SME
Butuh bantuan untuk perusahaan kami ukm produsen sepatu lokal butuh website profil dan toko resmi terintegrasi.,Custom Software Development,SME
"Halo, saya ukm produsen sepatu lokal butuh website profil dan toko resmi terintegrasi.",Custom Software Development,SME
kami ukm produsen sepatu lokal butuh website profil & toko resmi terintegrasi.,Custom Software Development,SME
perusahaan kami ukm produsen sepatu lokal butuh website profil dan toko resmi terintegrasi.,Custom Software Development,SME
Jasa setting server cloud murah untuk website toko pakaian online saya.,Cloud Infrastructure & Migration,SME
Jasa setting server cloud hemat budget untuk website toko pakaian online saya.,Cloud Infrastructure & Migration,SME
Butuh bantuan untuk jasa setting server cloud ekonomis untuk website toko pakaian online saya.,Cloud Infrastructure & Migration,SME
Jasa setting server cloud ekonomis untuk website toko pakaian online saya.,Cloud Infrastructure & Migration,SME
Jasa setting server cloud terjangkau untuk website toko pakaian online saya.,Cloud Infrastructure & Migration,SME
Bimbingan IT untuk bisnis rumahan supaya bisa bersaing dengan toko modern.,IT Strategy Consulting,SME
Kami ingin bimbingan IT untuk bisnis rumahan supaya bisa bersaing dengan toko modern.,IT Strategy Consulting,SME
"Halo, bimbingan IT untuk bisnis rumahan supaya bisa bersaing dengan toko modern.",IT Strategy Consulting,SME
Perusahaan kami membutuhkan implementasi sistem SAP ERP untuk 500 karyawan di 10 cabang.,Custom Software Development,Corporate
Kami ingin kantor kita membutuhkan implementasi sistem SAP ERP untuk 500 karyawan di 10 cabang.,Custom Software Development,Corporate
bisnis saya membutuhkan implementasi sistem SAP ERP untuk 500 karyawan di 10 cabang.,Custom Software Development,Corporate
Apakah bisa bisnis saya membutuhkan implementasi sistem SAP ERP untuk 500 karyawan di 10 cabang.,Custom Software Development,Corporate
Butuh bantuan untuk usaha perusahaan kami membutuhkan implementasi sistem SAP ERP untuk 500 karyawan di 10 cabang.,Custom Software Development,Corporate
Permintaan pengiriman dokumen RFP (Request for Proposal) untuk pengembangan core banking system.,Custom Software Development,Corporate
"Mohon info, permintaan pengiriman dokumen RFP (Request for Proposal) untuk pengembangan core banking system.",Custom Software Development,Corporate
"Halo, permintaan pengiriman dokumen RFP (Request for Proposal) untuk pengembangan core banking system.",Custom Software Development,Corporate
Kami mencari vendor IT bersertifikasi ISO 27001 untuk integrasi sistem Oracle dengan portal enterprise.,Custom Software Development,Corporate
"Halo, saya mencari vendor IT bersertifikasi ISO 27001 untuk integrasi sistem Oracle dengan portal enterprise.",Custom Software Development,Corporate
"Mohon info, perusahaan kami mencari vendor IT bersertifikasi ISO 27001 untuk integrasi sistem Oracle dengan portal enterprise.",Custom Software Development,Corporate
kami mencari vendor IT bersertifikasi ISO 27001 untuk integrasi sistem Oracle dengan portal enterprise.,Custom Software Development,Corporate
Kami ingin instansi kami mencari vendor IT bersertifikasi ISO 27001 buat integrasi sistem Oracle dengan portal enterprise.,Custom Software Development,Corporate
Butuh audit keamanan siber menyeluruh (penetration testing & vulnerability assessment) sesuai standar SLA korporasi.,Cybersecurity Audit,Corporate
Migrasi infrastruktur data center berskala besar ke hybrid cloud AWS/Azure dengan zero downtime.,Cloud Infrastructure & Migration,Corporate
Butuh bantuan untuk migrasi infrastruktur data center berskala besar ke hybrid cloud AWS/Azure dengan zero downtime.,Cloud Infrastructure & Migration,Corporate
Apakah bisa migrasi infrastruktur data center berskala besar ke hybrid cloud AWS/Azure dengan zero downtime.,Cloud Infrastructure & Migration,Corporate
Kami ingin migrasi infrastruktur data center berskala besar ke hybrid cloud AWS/Azure dengan zero downtime.,Cloud Infrastructure & Migration,Corporate
Konsultasi IT roadmap 5 tahun dan digital transformation strategy untuk perusahaan multinasional Tbk.,IT Strategy Consulting,Corporate
"Halo, konsultasi IT roadmap 5 tahun dan digital transformation strategy untuk bisnis multinasional Tbk.",IT Strategy Consulting,Corporate
"Mohon info, konsultasi IT roadmap 5 tahun dan digital transformation strategy untuk usaha multinasional Tbk.",IT Strategy Consulting,Corporate
Butuh bantuan untuk konsultasi IT roadmap 5 tahun dan digital transformation strategy untuk usaha multinasional Tbk.,IT Strategy Consulting,Corporate
Apakah bisa konsultasi IT roadmap 5 tahun dan digital transformation strategy utk kantor multinasional Tbk.,IT Strategy Consulting,Corporate
Pengembangan aplikasi microservices berkinerja tinggi untuk memproses 1 juta transaksi harian korporasi.,Custom Software Development,Corporate
Pengembangan app microservices berkinerja tinggi untuk memproses 1 juta transaksi harian korporasi.,Custom Software Development,Corporate
Kami ingin pengembangan sistem microservices berkinerja tinggi untuk memproses 1 juta transaksi harian korporasi.,Custom Software Development,Corporate
Apakah bisa pengembangan platform microservices berkinerja tinggi untuk memproses 1 juta transaksi harian korporasi.,Custom Software Development,Corporate
Butuh bantuan untuk pengembangan app microservices berkinerja tinggi untuk memproses 1 juta transaksi harian korporasi.,Custom Software Development,Corporate
Kami ingin melakukan perombakan total (revamp) sistem HRIS dan payroll untuk holding company.,Custom Software Development,Corporate
Butuh bantuan untuk perusahaan kami mau melakukan perombakan total (revamp) sistem HRIS dan payroll untuk holding company.,Custom Software Development,Corporate
instansi kami bermaksud melakukan perombakan total (revamp) sistem HRIS dan payroll untuk holding company.,Custom Software Development,Corporate
"Halo, kita bermaksud melakukan perombakan total (revamp) sistem HRIS dan payroll untuk holding company.",Custom Software Development,Corporate
instansi kami butuh melakukan perombakan total (revamp) sistem HRIS dan payroll untuk holding company.,Custom Software Development,Corporate
Permintaan tender proyek pengadaan dan maintenance infrastruktur jaringan enterprise skala nasional.,Cloud Infrastructure & Migration,Corporate
Butuh bantuan untuk permintaan tender proyek pengadaan dan maintenance infrastruktur jaringan enterprise skala nasional.,Cloud Infrastructure & Migration,Corporate
"Halo, permintaan tender proyek pengadaan dan maintenance infrastruktur jaringan enterprise skala nasional.",Cloud Infrastructure & Migration,Corporate
Audit kepatuhan regulasi keamanan informasi perusahaan keuangan dan perbankan sebelum evaluasi OJK.,Cybersecurity Audit,Corporate
"Mohon info, audit kepatuhan regulasi keamanan informasi kantor keuangan dan perbankan sebelum evaluasi OJK.",Cybersecurity Audit,Corporate
Audit kepatuhan regulasi keamanan informasi kantor keuangan dan perbankan sebelum evaluasi OJK.,Cybersecurity Audit,Corporate
Apakah bisa audit kepatuhan regulasi keamanan informasi bisnis keuangan dn perbankan sebelum evaluasi OJK.,Cybersecurity Audit,Corporate
"Mohon info, audit kepatuhan regulasi keamanan informasi institusi keuangan dan perbankan sebelum evaluasi OJK.",Cybersecurity Audit,Corporate
Implementasi Enterprise Resource Planning untuk otomatisasi supply chain dan logistik pabrik manufaktur.,Custom Software Development,Corporate
Butuh bantuan untuk implementasi Enterprise Resource Planning untuk otomatisasi supply chain & logistik pabrik manufaktur.,Custom Software Development,Corporate
Implementasi Enterprise Resource Planning buat otomatisasi supply chain dan logistik pabrik manufaktur.,Custom Software Development,Corporate
Implementasi Enterprise Resource Planning untuk otomatisasi supply chain & logistik pabrik manufaktur.,Custom Software Development,Corporate
Kami memerlukan tim dedikasi (dedicated engineering team) sebanyak 20 developer untuk proyek jangka panjang korporat.,Custom Software Development,Corporate
Butuh bantuan untuk perusahaan kami memerlukan tim dedikasi (dedicated engineering team) sebanyak 20 developer untuk proyek jangka panjang korporat.,Custom Software Development,Corporate
instansi kami memerlukan tim dedikasi (dedicated engineering team) sebanyak 20 developer utk proyek jangka panjang korporat.,Custom Software Development,Corporate
Apakah bisa kita memerlukan tim dedikasi (dedicated engineering team) sebanyak 20 developer untuk proyek jangka panjang korporat.,Custom Software Development,Corporate
"Halo, saya memerlukan tim dedikasi (dedicated engineering team) sebanyak 20 developer untuk proyek jangka panjang korporat.",Custom Software Development,Corporate
Perusahaan ingin menerapkan arsitektur cloud native dan Kubernetes untuk scaling otomatis layanan e-commerce.,Cloud Infrastructure & Migration,Corporate
institusi mau menerapkan arsitektur cloud native dan Kubernetes untuk scaling otomatis layanan e-commerce.,Cloud Infrastructure & Migration,Corporate
Kami ingin perusahaan bermaksud menerapkan arsitektur cloud native dan Kubernetes untuk scaling otomatis layanan e-commerce.,Cloud Infrastructure & Migration,Corporate
perusahaan bermaksud menerapkan arsitektur cloud native dan Kubernetes untuk scaling otomatis layanan e-commerce.,Cloud Infrastructure & Migration,Corporate
"Mohon info, bisnis ingin menerapkan arsitektur cloud native dan Kubernetes untuk scaling otomatis layanan e-commerce.",Cloud Infrastructure & Migration,Corporate
Analisis ROI dan feasibilitas teknologi sebelum adopsi sistem AI dan Big Data di lingkungan korporat.,IT Strategy Consulting,Corporate
Kami ingin analisis ROI dan feasibilitas teknologi sebelum adopsi sistem AI dan Big Data di lingkungan korporat.,IT Strategy Consulting,Corporate
Apakah bisa analisis ROI dan feasibilitas teknologi sebelum adopsi sistem AI dan Big Data di lingkungan korporat.,IT Strategy Consulting,Corporate
"Halo, analisis ROI dan feasibilitas teknologi sebelum adopsi sistem AI dan Big Data di lingkungan korporat.",IT Strategy Consulting,Corporate
Pengembangan portal kemitraan B2B terintegrasi dengan API gateway dan standar keamanan OAuth2 enterprise.,Custom Software Development,Corporate
"Mohon info, pengembangan portal kemitraan B2B terintegrasi pake API gateway dan standar keamanan OAuth2 enterprise.",Custom Software Development,Corporate
Butuh bantuan untuk pengembangan portal kemitraan B2B terintegrasi dengan API gateway dan standar keamanan OAuth2 enterprise.,Custom Software Development,Corporate
Assessment kesiapan Disaster Recovery Plan (DRP) dan Business Continuity Management (BCM) korporasi.,Cybersecurity Audit,Corporate
"Mohon info, assessment kesiapan Disaster Recovery Plan (DRP) dan Business Continuity Management (BCM) korporasi.",Cybersecurity Audit,Corporate
"Halo, assessment kesiapan Disaster Recovery Plan (DRP) & Business Continuity Management (BCM) korporasi.",Cybersecurity Audit,Corporate
"Halo, assessment kesiapan Disaster Recovery Plan (DRP) dan Business Continuity Management (BCM) korporasi.",Cybersecurity Audit,Corporate
Butuh bantuan untuk assessment kesiapan Disaster Recovery Plan (DRP) dan Business Continuity Management (BCM) korporasi.,Cybersecurity Audit,Corporate
Integrasi sistem CRM Salesforce dengan database internal perusahaan ritel dengan 200 outlet.,Custom Software Development,Corporate
Integrasi sistem CRM Salesforce pake database internal kantor ritel pake 200 outlet.,Custom Software Development,Corporate
Integrasi sistem CRM Salesforce pakai database internal usaha ritel pakai 200 outlet.,Custom Software Development,Corporate
"Halo, integrasi sistem CRM Salesforce dengan database internal perusahaan ritel dengan 200 outlet.",Custom Software Development,Corporate
Integrasi sistem CRM Salesforce dengan database internal institusi ritel dengan 200 outlet.,Custom Software Development,Corporate
Implementasi solusi SIEM (Security Information and Event Management) 24/7 untuk SOC perusahaan.,Cybersecurity Audit,Corporate
Implementasi solusi SIEM (Security Information and Event Management) 24/7 untuk SOC bisnis.,Cybersecurity Audit,Corporate
Implementasi solusi SIEM (Security Information and Event Management) 24/7 untuk SOC institusi.,Cybersecurity Audit,Corporate
"Halo, implementasi solusi SIEM (Security Information and Event Management) 24/7 buat SOC perusahaan.",Cybersecurity Audit,Corporate
Konsultasi re-engineering proses bisnis operasional pertambangan menggunakan IoT dan automasi cloud.,IT Strategy Consulting,Corporate
"Mohon info, konsultasi re-engineering proses bisnis operasional pertambangan menggunakan IoT dan automasi cloud.",IT Strategy Consulting,Corporate
Apakah bisa konsultasi re-engineering proses bisnis operasional pertambangan menggunakan IoT dan automasi cloud.,IT Strategy Consulting,Corporate
Kami dari grup konglomerasi ingin mengundang tim Sagara untuk presentasi solusi enterprise digital portal.,IT Strategy Consulting,Corporate
Apakah bisa instansi kami dari grup konglomerasi bermaksud mengundang tim Sagara untuk presentasi solusi enterprise digital portal.,IT Strategy Consulting,Corporate
"Mohon info, kita dari grup konglomerasi ingin mengundang tim Sagara buat presentasi solusi enterprise digital portal.",IT Strategy Consulting,Corporate
kami dari grup konglomerasi mau mengundang tim Sagara untuk presentasi solusi enterprise digital portal.,IT Strategy Consulting,Corporate
Apakah bisa saya dari grup konglomerasi butuh mengundang tim Sagara untuk presentasi solusi enterprise digital portal.,IT Strategy Consulting,Corporate
Pengembangan sistem manajemen aset korporat terpusat berstandar internasional dengan audit trail.,Custom Software Development,Corporate
Kami ingin pengembangan sistem manajemen aset korporat terpusat berstandar internasional dengan audit trail.,Custom Software Development,Corporate
Butuh bantuan untuk pengembangan sistem manajemen aset korporat terpusat berstandar internasional dengan audit trail.,Custom Software Development,Corporate
Migrasi database terdistribusi antar benua untuk mendukung ekspansi pasar global perusahaan kami.,Cloud Infrastructure & Migration,Corporate
Migrasi database terdistribusi antar benua untuk mendukung ekspansi pasar global bisnis instansi kami.,Cloud Infrastructure & Migration,Corporate
Migrasi database terdistribusi antar benua utk mendukung ekspansi pasar global usaha kami.,Cloud Infrastructure & Migration,Corporate
Butuh bantuan untuk migrasi database terdistribusi antar benua untuk mendukung ekspansi pasar global bisnis perusahaan kami.,Cloud Infrastructure & Migration,Corporate
Migrasi database terdistribusi antar benua untuk mendukung ekspansi pasar global usaha saya.,Cloud Infrastructure & Migration,Corporate
Evaluasi kerentanan aplikasi web dan mobile korporat melalui red teaming dan blue teaming simulation.,Cybersecurity Audit,Corporate
"Mohon info, evaluasi kerentanan software web dan mobile korporat melalui red teaming dan blue teaming simulation.",Cybersecurity Audit,Corporate
"Halo, evaluasi kerentanan software web dan mobile korporat melalui red teaming dan blue teaming simulation.",Cybersecurity Audit,Corporate
"Halo, evaluasi kerentanan sistem web & mobile korporat melalui red teaming & blue teaming simulation.",Cybersecurity Audit,Corporate
Evaluasi kerentanan sistem web dn mobile korporat melalui red teaming dn blue teaming simulation.,Cybersecurity Audit,Corporate
Konsultasi arsitektur Enterprise Architecture (TOGAF) untuk penyelarasan strategi IT dan bisnis korporat.,IT Strategy Consulting,Corporate
Butuh bantuan untuk konsultasi arsitektur Enterprise Architecture (TOGAF) buat penyelarasan strategi IT dan bisnis korporat.,IT Strategy Consulting,Corporate
Konsultasi arsitektur Enterprise Architecture (TOGAF) buat penyelarasan strategi IT dan bisnis korporat.,IT Strategy Consulting,Corporate
Apakah bisa konsultasi arsitektur Enterprise Architecture (TOGAF) untuk penyelarasan strategi IT dan bisnis korporat.,IT Strategy Consulting,Corporate
Pembangunan platform analitik data dashboard eksekutif untuk board of directors perusahaan Tbk.,Custom Software Development,Corporate
"Mohon info, pembangunan platform analitik data dashboard eksekutif untuk board of directors kantor Tbk.",Custom Software Development,Corporate
Kami ingin pembangunan platform analitik data dashboard eksekutif untuk board of directors usaha Tbk.,Custom Software Development,Corporate
Apakah bisa pembangunan platform analitik data dashboard eksekutif untuk board of directors kantor Tbk.,Custom Software Development,Corporate
Pengadaan lisensi enterprise dan integrasi Microsoft 365 serta SharePoint untuk 1500 staf kantor pusat.,Cloud Infrastructure & Migration,Corporate
Apakah bisa pengadaan lisensi enterprise dan integrasi Microsoft 365 serta SharePoint untuk 1500 staf kantor pusat.,Cloud Infrastructure & Migration,Corporate
"Mohon info, pengadaan lisensi enterprise dan integrasi Microsoft 365 serta SharePoint untuk 1500 staf kantor pusat.",Cloud Infrastructure & Migration,Corporate
Optimalisasi kinerja dan reduksi latensi server cloud korporasi dengan penerapan CDN global.,Cloud Infrastructure & Migration,Corporate
Apakah bisa optimalisasi kinerja dan reduksi latensi server cloud korporasi dengan penerapan CDN global.,Cloud Infrastructure & Migration,Corporate
Butuh bantuan untuk optimalisasi kinerja dan reduksi latensi server cloud korporasi pakai penerapan CDN global.,Cloud Infrastructure & Migration,Corporate
Kajian teknis dan pengujian beban (load testing) sistem transaksi saham sebelum initial public offering (IPO).,Cybersecurity Audit,Corporate
"Halo, kajian teknis dan pengujian beban (load testing) sistem transaksi saham sebelum initial public offering (IPO).",Cybersecurity Audit,Corporate
Kami ingin kajian teknis dan pengujian beban (load testing) sistem transaksi saham sebelum initial public offering (IPO).,Cybersecurity Audit,Corporate
Pengembangan sistem otomasi alur kerja approval direksi berbasis web dengan digital signature standar korporat.,Custom Software Development,Corporate
Butuh bantuan untuk pengembangan sistem otomasi alur kerja approval direksi berbasis web dengan digital signature standar korporat.,Custom Software Development,Corporate
Apakah bisa pengembangan sistem otomasi alur kerja approval direksi berbasis web dengan digital signature standar korporat.,Custom Software Development,Corporate
Kami butuh SLA jaminan uptime 99.99% untuk pemeliharaan infrastruktur cloud kritikal perusahaan.,Cloud Infrastructure & Migration,Corporate
saya butuh SLA jaminan uptime 99.99% untuk pemeliharaan infrastruktur cloud kritikal institusi.,Cloud Infrastructure & Migration,Corporate
kita butuh SLA jaminan uptime 99.99% utk pemeliharaan infrastruktur cloud kritikal institusi.,Cloud Infrastructure & Migration,Corporate
Kami ingin instansi kami butuh SLA jaminan uptime 99.99% untuk pemeliharaan infrastruktur cloud kritikal institusi.,Cloud Infrastructure & Migration,Corporate
saya butuh SLA jaminan uptime 99.99% untuk pemeliharaan infrastruktur cloud kritikal bisnis.,Cloud Infrastructure & Migration,Corporate
Penerapan Zero Trust Network Access (ZTNA) untuk pengamanan akses karyawan remote holding company.,Cybersecurity Audit,Corporate
Butuh bantuan untuk penerapan Zero Trust Network Access (ZTNA) untuk pengamanan akses karyawan remote holding company.,Cybersecurity Audit,Corporate
"Halo, penerapan Zero Trust Network Access (ZTNA) untuk pengamanan akses karyawan remote holding company.",Cybersecurity Audit,Corporate
Kami ingin penerapan Zero Trust Network Access (ZTNA) untuk pengamanan akses karyawan remote holding company.,Cybersecurity Audit,Corporate
Konsultasi strategi tata kelola IT (COBIT) dan manajemen risiko teknologi informasi korporasi.,IT Strategy Consulting,Corporate
Konsultasi strategi tata kelola IT (COBIT) dn manajemen risiko teknologi informasi korporasi.,IT Strategy Consulting,Corporate
Pengembangan sistem portal komunikasi internal (intranet) enterprise dengan fitur kolaborasi dokumen.,Custom Software Development,Corporate
Kami ingin pengembangan sistem portal komunikasi internal (intranet) enterprise dengan fitur kolaborasi dokumen.,Custom Software Development,Corporate
Kami ingin pengembangan sistem portal komunikasi internal (intranet) enterprise pakai fitur kolaborasi dokumen.,Custom Software Development,Corporate
Apakah bisa pengembangan sistem portal komunikasi internal (intranet) enterprise dengan fitur kolaborasi dokumen.,Custom Software Development,Corporate
Automasi pelaporan keuangan konsolidasi antar anak perusahaan dalam satu platform ERP terpadu.,Custom Software Development,Corporate
"Halo, automasi pelaporan keuangan konsolidasi antar anak bisnis dalam satu platform ERP terpadu.",Custom Software Development,Corporate
Apakah bisa automasi pelaporan keuangan konsolidasi antar anak perusahaan dalam satu platform ERP terpadu.,Custom Software Development,Corporate
Kami ingin automasi pelaporan keuangan konsolidasi antar anak bisnis dalam satu platform ERP terpadu.,Custom Software Development,Corporate
Audit forensik digital dan analisis insiden siber pasca serangan ransomware pada jaringan korporat.,Cybersecurity Audit,Corporate
"Halo, audit forensik digital dan analisis insiden siber pasca serangan ransomware pada jaringan korporat.",Cybersecurity Audit,Corporate
Apakah bisa audit forensik digital dan analisis insiden siber pasca serangan ransomware pada jaringan korporat.,Cybersecurity Audit,Corporate
Penyusunan blueprint transformasi digital untuk divisi ritel dan distribusi berskala nasional.,IT Strategy Consulting,Corporate
Apakah bisa penyusunan blueprint transformasi digital untuk divisi ritel dan distribusi berskala nasional.,IT Strategy Consulting,Corporate
Kami ingin penyusunan blueprint transformasi digital untuk divisi ritel dan distribusi berskala nasional.,IT Strategy Consulting,Corporate
"Mohon info, penyusunan blueprint transformasi digital utk divisi ritel & distribusi berskala nasional.",IT Strategy Consulting,Corporate
Apakah bisa penyusunan blueprint transformasi digital untuk divisi ritel & distribusi berskala nasional.,IT Strategy Consulting,Corporate
Penyediaan dedicated cloud private cluster dengan tingkat isolasi data maksimum untuk industri asuransi.,Cloud Infrastructure & Migration,Corporate
Butuh bantuan untuk penyediaan dedicated cloud private cluster dengan tingkat isolasi data maksimum untuk industri asuransi.,Cloud Infrastructure & Migration,Corporate
Penyediaan dedicated cloud private cluster dgn tingkat isolasi data maksimum untuk industri asuransi.,Cloud Infrastructure & Migration,Corporate
"Mohon info, penyediaan dedicated cloud private cluster dengan tingkat isolasi data maksimum untuk industri asuransi.",Cloud Infrastructure & Migration,Corporate
Pengembangan aplikasi manajemen armada logistik korporasi terintegrasi GPS tracking real-time.,Custom Software Development,Corporate
"Halo, pengembangan aplikasi manajemen armada logistik korporasi terintegrasi GPS tracking real-time.",Custom Software Development,Corporate
"Mohon info, pengembangan software manajemen armada logistik korporasi terintegrasi GPS tracking real-time.",Custom Software Development,Corporate
Apakah bisa pengembangan software manajemen armada logistik korporasi terintegrasi GPS tracking real-time.,Custom Software Development,Corporate
Butuh bantuan untuk pengembangan platform manajemen armada logistik korporasi terintegrasi GPS tracking real-time.,Custom Software Development,Corporate
Konsultasi pembentukan pusat unggulan teknologi (Center of Excellence) di internal korporasi besar.,IT Strategy Consulting,Corporate
Apakah bisa konsultasi pembentukan pusat unggulan teknologi (Center of Excellence) di internal korporasi besar.,IT Strategy Consulting,Corporate
"Mohon info, konsultasi pembentukan pusat unggulan teknologi (Center of Excellence) di internal korporasi besar.",IT Strategy Consulting,Corporate
Butuh bantuan untuk konsultasi pembentukan pusat unggulan teknologi (Center of Excellence) di internal korporasi besar.,IT Strategy Consulting,Corporate
Optimasi pipeline CI/CD dan penerapan praktik DevSecOps dalam siklus pengembangan software korporat.,Cloud Infrastructure & Migration,Corporate
Butuh bantuan untuk optimasi pipeline CI/CD dan penerapan praktik DevSecOps dalam siklus pengembangan software korporat.,Cloud Infrastructure & Migration,Corporate
Apakah bisa optimasi pipeline CI/CD & penerapan praktik DevSecOps dalam siklus pengembangan software korporat.,Cloud Infrastructure & Migration,Corporate
Apakah bisa optimasi pipeline CI/CD dan penerapan praktik DevSecOps dalam siklus pengembangan software korporat.,Cloud Infrastructure & Migration,Corporate
Kami dari Dinas Kominfo Provinsi membutuhkan pengembangan aplikasi pelayanan publik terintegrasi SPBE.,Government Solutions,Government
kami dari Dinas Kominfo Provinsi membutuhkan pengembangan aplikasi pelayanan publik terintegrasi SPBE.,Government Solutions,Government
"Mohon info, kita dari Dinas Kominfo Provinsi membutuhkan pengembangan aplikasi pelayanan publik terintegrasi SPBE.",Government Solutions,Government
Kami ingin instansi kami dari Dinas Kominfo Provinsi membutuhkan pengembangan software pelayanan publik terintegrasi SPBE.,Government Solutions,Government
Apakah bisa kita dari Dinas Kominfo Provinsi membutuhkan pengembangan platform pelayanan publik terintegrasi SPBE.,Government Solutions,Government
Pengadaan sistem informasi manajemen keuangan daerah (SIMDA) sesuai regulasi Kementerian Dalam Negeri.,Government Solutions,Government
Butuh bantuan untuk pengadaan sistem informasi manajemen keuangan daerah (SIMDA) sesuai regulasi Kementerian Dalam Negeri.,Government Solutions,Government
"Halo, pengadaan sistem informasi manajemen keuangan daerah (SIMDA) sesuai regulasi Kementerian Dalam Negeri.",Government Solutions,Government
Apakah bisa pengadaan sistem informasi manajemen keuangan daerah (SIMDA) sesuai regulasi Kementerian Dalam Negeri.,Government Solutions,Government
Kajian dan implementasi arsitektur Sistem Pemerintahan Berbasis Elektronik (SPBE) untuk Pemerintah Kabupaten.,Government Solutions,Government
Kami ingin kajian dan implementasi arsitektur Sistem Pemerintahan Berbasis Elektronik (SPBE) untuk instansi Kabupaten.,Government Solutions,Government
"Halo, kajian dan implementasi arsitektur Sistem Pemerintahan Berbasis Elektronik (SPBE) buat instansi Kabupaten.",Government Solutions,Government
Apakah bisa kajian dan implementasi arsitektur Sistem Pemerintahan Berbasis Elektronik (SPBE) utk pemerintah Kabupaten.,Government Solutions,Government
Kajian dan implementasi arsitektur Sistem Pemerintahan Berbasis Elektronik (SPBE) untuk pemerintah Kabupaten.,Government Solutions,Government
Audit keamanan siber aplikasi layanan masyarakat berdasarkan standar dan rekomendasi BSSN.,Cybersecurity Audit,Government
"Mohon info, audit keamanan siber platform layanan masyarakat berdasarkan standar dan rekomendasi BSSN.",Cybersecurity Audit,Government
Apakah bisa audit keamanan siber software layanan masyarakat berdasarkan standar dan rekomendasi BSSN.,Cybersecurity Audit,Government
Kami ingin audit keamanan siber sistem layanan masyarakat berdasarkan standar dan rekomendasi BSSN.,Cybersecurity Audit,Government
Butuh bantuan untuk audit keamanan siber app layanan masyarakat berdasarkan standar dan rekomendasi BSSN.,Cybersecurity Audit,Government
Pengembangan portal transparansi anggaran APBN/APBD dan pemantauan proyek pembangunan daerah.,Government Solutions,Government
"Mohon info, pengembangan portal transparansi anggaran APBN/APBD dan pemantauan proyek pembangunan daerah.",Government Solutions,Government
Kami ingin pengembangan portal transparansi anggaran APBN/APBD dan pemantauan proyek pembangunan daerah.,Government Solutions,Government
"Mohon info, pengembangan portal transparansi anggaran APBN/APBD & pemantauan proyek pembangunan daerah.",Government Solutions,Government
Apakah bisa pengembangan portal transparansi anggaran APBN/APBD dan pemantauan proyek pembangunan daerah.,Government Solutions,Government
Konsultasi teknis dan pendampingan migrasi pusat data nasional instansi pemerintah ke Cloud Pemerintahan.,Cloud Infrastructure & Migration,Government
Apakah bisa konsultasi teknis dan pendampingan migrasi pusat data nasional instansi pemerintahan ke Cloud Pemerintahan.,Cloud Infrastructure & Migration,Government
Konsultasi teknis & pendampingan migrasi pusat data nasional instansi pemerintahan ke Cloud Pemerintahan.,Cloud Infrastructure & Migration,Government
Konsultasi teknis dan pendampingan migrasi pusat data nasional instansi pemerintahan ke Cloud Pemerintahan.,Cloud Infrastructure & Migration,Government
Konsultasi teknis dn pendampingan migrasi pusat data nasional instansi pemerintah ke Cloud Pemerintahan.,Cloud Infrastructure & Migration,Government
Pembuatan dashboard executive summary untuk Gubernur dan Bupati dalam monitoring inflasi dan pangan.,Government Solutions,Government
"Mohon info, pembuatan dashboard executive summary utk Gubernur dn Bupati dalam monitoring inflasi dn pangan.",Government Solutions,Government
"Mohon info, pembuatan dashboard executive summary buat Gubernur dan Bupati dalam monitoring inflasi dan pangan.",Government Solutions,Government
Butuh bantuan untuk pembuatan dashboard executive summary untuk Gubernur dan Bupati dalam monitoring inflasi dan pangan.,Government Solutions,Government
Pembuatan dashboard executive summary buat Gubernur dan Bupati dalam monitoring inflasi dan pangan.,Government Solutions,Government
Pengembangan aplikasi kependudukan dan pencatatan sipil tingkat kelurahan dan kecamatan secara digital.,Government Solutions,Government
Pengembangan aplikasi kependudukan dn pencatatan sipil tingkat kelurahan dn kecamatan secara digital.,Government Solutions,Government
Butuh bantuan untuk pengembangan software kependudukan dan pencatatan sipil tingkat kelurahan dan kecamatan secara digital.,Government Solutions,Government
Apakah bisa pengembangan aplkasi kependudukan dan pencatatan sipil tingkat kelurahan dan kecamatan secara digital.,Government Solutions,Government
"Halo, pengembangan app kependudukan dn pencatatan sipil tingkat kelurahan dn kecamatan secara digital.",Government Solutions,Government
Kami dari Badan Pusat Statistik daerah membutuhkan sistem pengolahan dan visualisasi data sensus.,Government Solutions,Government
"Mohon info, saya dari Badan Pusat Statistik daerah membutuhkan sistem pengolahan dan visualisasi data sensus.",Government Solutions,Government
"Halo, kita dari Badan Pusat Statistik daerah membutuhkan sistem pengolahan dan visualisasi data sensus.",Government Solutions,Government
kami dari Badan Pusat Statistik daerah membutuhkan sistem pengolahan dan visualisasi data sensus.,Government Solutions,Government
saya dari Badan Pusat Statistik daerah membutuhkan sistem pengolahan dan visualisasi data sensus.,Government Solutions,Government
Sistem pendaftaran dan perizinan online terpadu satu pintu (PTSP) untuk dinas penanaman modal daerah.,Government Solutions,Government
"Mohon info, sistem pendaftaran dan perizinan online terpadu satu pintu (PTSP) untuk dinas penanaman modal daerah.",Government Solutions,Government
"Halo, sistem pendaftaran dan perizinan online terpadu satu pintu (PTSP) untuk dinas penanaman modal daerah.",Government Solutions,Government
Penerapan standar perlindungan data pribadi sesuai PP 71 dan UU PDP pada sistem informasi kementerian.,Cybersecurity Audit,Government
Butuh bantuan untuk penerapan standar perlindungan data pribadi sesuai PP 71 dan UU PDP pada sistem informasi kementerian.,Cybersecurity Audit,Government
"Mohon info, penerapan standar perlindungan data pribadi sesuai PP 71 dan UU PDP pada sistem informasi kementerian.",Cybersecurity Audit,Government
Pengembangan aplikasi pemantauan penyaluran bantuan sosial (Bansos) agar tepat sasaran dan transparan.,Government Solutions,Government
Apakah bisa pengembangan aplikasi pemantauan penyaluran bantuan sosial (Bansos) agar tepat sasaran dan transparan.,Government Solutions,Government
Pengembangan aplkasi pemantauan penyaluran bantuan sosial (Bansos) agar tepat sasaran & transparan.,Government Solutions,Government
Pengembangan sistem pemantauan penyaluran bantuan sosial (Bansos) agar tepat sasaran dan transparan.,Government Solutions,Government
"Mohon info, pengembangan software pemantauan penyaluran bantuan sosial (Bansos) agar tepat sasaran dan transparan.",Government Solutions,Government
Penyusunan Rencana Kerja dan Anggaran (RKA) IT serta blueprint transformasi digital dinas pendidikan provinsi.,IT Strategy Consulting,Government
Butuh bantuan untuk penyusunan Rencana Kerja dan Anggaran (RKA) IT serta blueprint transformasi digital dinas pendidikan provinsi.,IT Strategy Consulting,Government
Apakah bisa penyusunan Rencana Kerja dan Anggaran (RKA) IT serta blueprint transformasi digital dinas pendidikan provinsi.,IT Strategy Consulting,Government
Sistem informasi manajemen kepegawaian (SIMPEG) untuk pemantauan kinerja ASN dan PNS di lingkungan pemda.,Government Solutions,Government
Kami ingin sistem informasi manajemen kepegawaian (SIMPEG) untuk pemantauan kinerja ASN dn PNS di lingkungan pemda.,Government Solutions,Government
Apakah bisa sistem informasi manajemen kepegawaian (SIMPEG) untuk pemantauan kinerja ASN & PNS di lingkungan pemda.,Government Solutions,Government
Apakah bisa sistem informasi manajemen kepegawaian (SIMPEG) untuk pemantauan kinerja ASN dan PNS di lingkungan pemda.,Government Solutions,Government
Pengembangan platform Smart Village dan digitalisasi layanan administrasi desa binaan pemerintah daerah.,Government Solutions,Government
Kami ingin pengembangan platform Smart Village dan digitalisasi layanan administrasi desa binaan instansi daerah.,Government Solutions,Government
Pengembangan platform Smart Village dan digitalisasi layanan administrasi desa binaan pemerintahan daerah.,Government Solutions,Government
"Halo, pengembangan platform Smart Village dan digitalisasi layanan administrasi desa binaan pemerintah daerah.",Government Solutions,Government
Pengembangan platform Smart Village dn digitalisasi layanan administrasi desa binaan pemerintahan daerah.,Government Solutions,Government
Audit kerentanan situs web dinas pemerintahan daerah pasca insiden peretasan judi online.,Cybersecurity Audit,Government
Kami ingin audit kerentanan situs web dinas pemerintahan daerah pasca insiden peretasan judi online.,Cybersecurity Audit,Government
"Mohon info, audit kerentanan situs web dinas pemerintahan daerah pasca insiden peretasan judi online.",Cybersecurity Audit,Government
Butuh bantuan untuk audit kerentanan situs web dinas pemerintahan daerah pasca insiden peretasan judi online.,Cybersecurity Audit,Government
Pengadaan jasa konsultasi pengawasan dan manajemen proyek pembangunan infrastruktur jaringan Command Center.,IT Strategy Consulting,Government
Butuh bantuan untuk pengadaan jasa konsultasi pengawasan dan manajemen proyek pembangunan infrastruktur jaringan Command Center.,IT Strategy Consulting,Government
"Mohon info, pengadaan jasa konsultasi pengawasan dan manajemen proyek pembangunan infrastruktur jaringan Command Center.",IT Strategy Consulting,Government
"Halo, pengadaan jasa konsultasi pengawasan dan manajemen proyek pembangunan infrastruktur jaringan Command Center.",IT Strategy Consulting,Government
Sistem manajemen persediaan obat dan rekam medis digital terpadu untuk Puskesmas dan RSUD Kabupaten.,Government Solutions,Government
Kami ingin sistem manajemen persediaan obat dn rekam medis digital terpadu untuk Puskesmas dn RSUD Kabupaten.,Government Solutions,Government
Sistem manajemen persediaan obat dn rekam medis digital terpadu untuk Puskesmas dn RSUD Kabupaten.,Government Solutions,Government
Pengembangan aplikasi pelaporan pengaduan masyarakat berbasis mobile android dan iOS untuk dinas sosial.,Government Solutions,Government
Kami ingin pengembangan software pelaporan pengaduan masyarakat berbasis mobile android dan iOS untuk dinas sosial.,Government Solutions,Government
"Halo, pengembangan platform pelaporan pengaduan masyarakat berbasis mobile android dan iOS untuk dinas sosial.",Government Solutions,Government
Apakah bisa pengembangan app pelaporan pengaduan masyarakat berbasis mobile android dan iOS untuk dinas sosial.,Government Solutions,Government
Pengembangan app pelaporan pengaduan masyarakat berbasis mobile android dan iOS untuk dinas sosial.,Government Solutions,Government
Konsultasi dan assessment kesiapan kota pintar (Smart City Masterplan) untuk kota madya.,IT Strategy Consulting,Government
"Halo, konsultasi dan assessment kesiapan kota pintar (Smart City Masterplan) untuk kota madya.",IT Strategy Consulting,Government
Konsultasi dn assessment kesiapan kota pintar (Smart City Masterplan) buat kota madya.,IT Strategy Consulting,Government
Butuh bantuan untuk konsultasi dan assessment kesiapan kota pintar (Smart City Masterplan) untuk kota madya.,IT Strategy Consulting,Government
Kami ingin konsultasi & assessment kesiapan kota pintar (Smart City Masterplan) untuk kota madya.,IT Strategy Consulting,Government
Integrasi data antar organisasi perangkat daerah (OPD) menggunakan government service bus nasional.,Government Solutions,Government
"Mohon info, integrasi data antar organisasi perangkat daerah (OPD) menggunakan government service bus nasional.",Government Solutions,Government
Apakah bisa integrasi data antar organisasi perangkat daerah (OPD) menggunakan government service bus nasional.,Government Solutions,Government
Migrasi server aplikasi perpajakan daerah (E-Samsat & PBB) ke infrastruktur cloud berkeamanan tinggi.,Cloud Infrastructure & Migration,Government
Butuh bantuan untuk migrasi server software perpajakan daerah (E-Samsat & PBB) ke infrastruktur cloud berkeamanan tinggi.,Cloud Infrastructure & Migration,Government
"Mohon info, migrasi server sistem perpajakan daerah (E-Samsat & PBB) ke infrastruktur cloud berkeamanan tinggi.",Cloud Infrastructure & Migration,Government
Kami ingin migrasi server app perpajakan daerah (E-Samsat & PBB) ke infrastruktur cloud berkeamanan tinggi.,Cloud Infrastructure & Migration,Government
"Mohon info, migrasi server app perpajakan daerah (E-Samsat & PBB) ke infrastruktur cloud berkeamanan tinggi.",Cloud Infrastructure & Migration,Government
Pengembangan sistem informasi pemantauan kualitas udara dan lingkungan hidup untuk Dinas Lingkungan Hidup.,Government Solutions,Government
"Mohon info, pengembangan sistem informasi pemantauan kualitas udara dan lingkungan hidup untuk Dinas Lingkungan Hidup.",Government Solutions,Government
Apakah bisa pengembangan sistem informasi pemantauan kualitas udara dan lingkungan hidup untuk Dinas Lingkungan Hidup.,Government Solutions,Government
"Halo, pengembangan sistem informasi pemantauan kualitas udara dan lingkungan hidup untuk Dinas Lingkungan Hidup.",Government Solutions,Government
Penyediaan sistem informasi pengadaan barang dan jasa secara elektronik (LPSE) tingkat instansi.,Government Solutions,Government
"Mohon info, penyediaan sistem informasi pengadaan barang dn jasa secara elektronik (LPSE) tingkat instansi.",Government Solutions,Government
Pengujian penetrasi eksternal (pen-test) pada portal resmi pemerintah provinsi sebelum launching publik.,Cybersecurity Audit,Government
Butuh bantuan untuk pengujian penetrasi eksternal (pen-test) pada portal resmi dinas provinsi sebelum launching publik.,Cybersecurity Audit,Government
Pengujian penetrasi eksternal (pen-test) pada portal resmi dinas provinsi sebelum launching publik.,Cybersecurity Audit,Government
"Halo, pengujian penetrasi eksternal (pen-test) pada portal resmi pemda provinsi sebelum launching publik.",Cybersecurity Audit,Government
Pengembangan sistem monitoring retribusi pasar tradisional dan parkir untuk peningkatan PAD dinas.,Government Solutions,Government
Pengembangan sistem monitoring retribusi pasar tradisional & parkir untuk peningkatan PAD dinas.,Government Solutions,Government
"Mohon info, pengembangan sistem monitoring retribusi pasar tradisional dan parkir untuk peningkatan PAD dinas.",Government Solutions,Government
Pengembangan sistem monitoring retribusi pasar tradisional dan parkir buat peningkatan PAD dinas.,Government Solutions,Government
Konsultasi tata kelola teknologi informasi pemerintahan daerah sesuai pedoman dari Kementerian PANRB.,IT Strategy Consulting,Government
"Halo, konsultasi tata kelola teknologi informasi pemerintahan daerah sesuai pedoman dari Kementerian PANRB.",IT Strategy Consulting,Government
Apakah bisa konsultasi tata kelola teknologi informasi pemerintahan daerah sesuai pedoman dari Kementerian PANRB.,IT Strategy Consulting,Government
Aplikasi pemetaan batas wilayah dan tata ruang daerah berbasis GIS (Geographic Information System) untuk Bappeda.,Government Solutions,Government
"Mohon info, aplkasi pemetaan batas wilayah dan tata ruang daerah berbasis GIS (Geographic Information System) untuk Bappeda.",Government Solutions,Government
sistem pemetaan batas wilayah dan tata ruang daerah berbasis GIS (Geographic Information System) untuk Bappeda.,Government Solutions,Government
Kami ingin aplikasi pemetaan batas wilayah dan tata ruang daerah berbasis GIS (Geographic Information System) untuk Bappeda.,Government Solutions,Government
"Mohon info, sistem pemetaan batas wilayah dan tata ruang daerah berbasis GIS (Geographic Information System) untuk Bappeda.",Government Solutions,Government
Sistem informasi manajemen penanggulangan bencana dan peringatan dini Badan Penanggulangan Bencana Daerah (BPBD).,Government Solutions,Government
Kami ingin sistem informasi manajemen penanggulangan bencana dan peringatan dini Badan Penanggulangan Bencana Daerah (BPBD).,Government Solutions,Government
Sistem informasi manajemen penanggulangan bencana & peringatan dini Badan Penanggulangan Bencana Daerah (BPBD).,Government Solutions,Government
Penyusunan pedoman keamanan informasi dan ISO 27001 untuk lingkungan kementerian lembaga negara.,Cybersecurity Audit,Government
"Halo, penyusunan pedoman keamanan informasi dan ISO 27001 untuk lingkungan kementerian lembaga negara.",Cybersecurity Audit,Government
Butuh bantuan untuk penyusunan pedoman keamanan informasi dan ISO 27001 untuk lingkungan kementerian lembaga negara.,Cybersecurity Audit,Government
Kami ingin penyusunan pedoman keamanan informasi dan ISO 27001 utk lingkungan kementerian lembaga negara.,Cybersecurity Audit,Government
Pengembangan portal informasi pariwisata daerah dan direktori budaya untuk Dinas Pariwisata dan Kebudayaan.,Government Solutions,Government
Apakah bisa pengembangan portal informasi pariwisata daerah dan direktori budaya untuk Dinas Pariwisata dan Kebudayaan.,Government Solutions,Government
"Mohon info, pengembangan portal informasi pariwisata daerah dan direktori budaya untuk Dinas Pariwisata dan Kebudayaan.",Government Solutions,Government
Pengembangan portal informasi pariwisata daerah dan direktori budaya buat Dinas Pariwisata dan Kebudayaan.,Government Solutions,Government
Sistem perpustakaan digital terpadu dan arsip elektronik untuk Dinas Perpustakaan dan Kearsipan Daerah.,Government Solutions,Government
"Halo, sistem perpustakaan digital terpadu dan arsip elektronik buat Dinas Perpustakaan dan Kearsipan Daerah.",Government Solutions,Government
"Mohon info, sistem perpustakaan digital terpadu dan arsip elektronik untuk Dinas Perpustakaan dan Kearsipan Daerah.",Government Solutions,Government
Optimalisasi jaringan fiber optik antar gedung dinas dalam satu kompleks perkantoran pemerintah kota.,Cloud Infrastructure & Migration,Government
Kami ingin optimalisasi jaringan fiber optik antar gedung dinas dalam satu kompleks perkantoran instansi kota.,Cloud Infrastructure & Migration,Government
Kami ingin optimalisasi jaringan fiber optik antar gedung dinas dalam satu kompleks perkantoran pemda kota.,Cloud Infrastructure & Migration,Government
Butuh bantuan untuk optimalisasi jaringan fiber optik antar gedung dinas dalam satu kompleks perkantoran pemerintahan kota.,Cloud Infrastructure & Migration,Government
Konsultasi perancangan pusat pemulihan bencana (Disaster Recovery Center) untuk data kependudukan nasional.,IT Strategy Consulting,Government
Butuh bantuan untuk konsultasi perancangan pusat pemulihan bencana (Disaster Recovery Center) buat data kependudukan nasional.,IT Strategy Consulting,Government
Apakah bisa konsultasi perancangan pusat pemulihan bencana (Disaster Recovery Center) untuk data kependudukan nasional.,IT Strategy Consulting,Government
Pengembangan sistem pendataan pertanian dan subsidi pupuk untuk Dinas Pertanian Kabupaten.,Government Solutions,Government
"Halo, pengembangan sistem pendataan pertanian dan subsidi pupuk untuk Dinas Pertanian Kabupaten.",Government Solutions,Government
Apakah bisa pengembangan sistem pendataan pertanian dan subsidi pupuk untuk Dinas Pertanian Kabupaten.,Government Solutions,Government
Pengembangan sistem pendataan pertanian dan subsidi pupuk utk Dinas Pertanian Kabupaten.,Government Solutions,Government
Pengembangan sistem pendataan pertanian & subsidi pupuk untuk Dinas Pertanian Kabupaten.,Government Solutions,Government
Aplikasi manajemen lalu lintas kota dan pemantauan CCTV terpadu untuk Dinas Perhubungan.,Government Solutions,Government
"Halo, platform manajemen lalu lintas kota dan pemantauan CCTV terpadu untuk Dinas Perhubungan.",Government Solutions,Government
sistem manajemen lalu lintas kota dan pemantauan CCTV terpadu untuk Dinas Perhubungan.,Government Solutions,Government
Butuh bantuan untuk sistem manajemen lalu lintas kota dan pemantauan CCTV terpadu untuk Dinas Perhubungan.,Government Solutions,Government
Butuh bantuan untuk aplikasi manajemen lalu lintas kota dan pemantauan CCTV terpadu untuk Dinas Perhubungan.,Government Solutions,Government
Audit kepatuhan arsitektur keamanan jaringan command center kepolisian dan instansi keamanan publik.,Cybersecurity Audit,Government
Butuh bantuan untuk audit kepatuhan arsitektur keamanan jaringan command center kepolisian dan instansi keamanan publik.,Cybersecurity Audit,Government
"Mohon info, audit kepatuhan arsitektur keamanan jaringan command center kepolisian dan instansi keamanan publik.",Cybersecurity Audit,Government
Pengembangan sistem pendataan atlet dan fasilitas olahraga untuk Dinas Pemuda dan Olahraga daerah.,Government Solutions,Government
Apakah bisa pengembangan sistem pendataan atlet dan fasilitas olahraga untuk Dinas Pemuda dan Olahraga daerah.,Government Solutions,Government
"Mohon info, pengembangan sistem pendataan atlet dan fasilitas olahraga untuk Dinas Pemuda dan Olahraga daerah.",Government Solutions,Government
Pelatihan peningkatkan kapasitas literasi digital dan keamanan siber bagi aparatur sipil negara (ASN).,IT Strategy Consulting,Government
Kami ingin pelatihan peningkatkan kapasitas literasi digital dan keamanan siber bagi aparatur sipil negara (ASN).,IT Strategy Consulting,Government
Pelatihan peningkatkan kapasitas literasi digital & keamanan siber bagi aparatur sipil negara (ASN).,IT Strategy Consulting,Government
Sistem informasi ketersediaan tempat tidur dan antrian online terpadu seluruh RSUD di wilayah provinsi.,Government Solutions,Government
Butuh bantuan untuk sistem informasi ketersediaan tempat tidur dan antrian online terpadu seluruh RSUD di wilayah provinsi.,Government Solutions,Government
"Mohon info, sistem informasi ketersediaan tempat tidur & antrian online terpadu seluruh RSUD di wilayah provinsi.",Government Solutions,Government
Kami ingin membangun sistem manajemen aset terintegrasi dengan pengadaan barang. Ini proyek strategis perusahaan 5 tahun ke depan.,Custom Software Development,Corporate
instansi kami ingin membangun sistem manajemen aset terintegrasi dengan pengadaan barang. Ini proyek strategis usaha 5 tahun ke depan.,Custom Software Development,Corporate
Butuh bantuan untuk kita butuh membangun sistem manajemen aset terintegrasi dengan pengadaan barang. Ini proyek strategis institusi 5 tahun ke depan.,Custom Software Development,Corporate
kami butuh membangun sistem manajemen aset terintegrasi dengan pengadaan barang. Ini proyek strategis bisnis 5 tahun ke depan.,Custom Software Development,Corporate
"Halo, perusahaan kami butuh membangun sistem manajemen aset terintegrasi dengan pengadaan barang. Ini proyek strategis institusi 5 tahun ke depan.",Custom Software Development,Corporate
Perusahaan kami sedang menyusun rencana strategis untuk pengadaan sistem ERP.,Custom Software Development,Corporate
"Halo, usaha saya sedang menyusun rencana strategis untuk pengadaan sistem ERP.",Custom Software Development,Corporate
"Halo, institusi kami sedang menyusun rencana strategis utk pengadaan sistem ERP.",Custom Software Development,Corporate
Butuh bantuan untuk institusi perusahaan kami sedang menyusun rencana strategis untuk pengadaan sistem ERP.,Custom Software Development,Corporate
"Mohon info, bisnis kita sedang menyusun rencana strategis untuk pengadaan sistem ERP.",Custom Software Development,Corporate
Kami butuh sistem pengadaan barang internal yang terintegrasi dengan keuangan.,Custom Software Development,Corporate
Butuh bantuan untuk kita butuh sistem pengadaan barang internal yg terintegrasi dengan keuangan.,Custom Software Development,Corporate
Apakah bisa instansi kami butuh sistem pengadaan barang internal yang terintegrasi pake keuangan.,Custom Software Development,Corporate
kami butuh sistem pengadaan barang internal yang terintegrasi pakai keuangan.,Custom Software Development,Corporate
instansi kami butuh sistem pengadaan barang internal yang terintegrasi dengan keuangan.,Custom Software Development,Corporate
"Kami perusahaan manufaktur, perlu sistem manajemen aset terintegrasi",Custom Software Development,Corporate
"Kami ingin perusahaan kami usaha manufaktur, perlu sistem manajemen aset terintegrasi",Custom Software Development,Corporate
"instansi kami kantor manufaktur, perlu sistem manajemen aset terintegrasi",Custom Software Development,Corporate
"Mohon info, kita bisnis manufaktur, perlu sistem manajemen aset terintegrasi",Custom Software Development,Corporate
"Halo, saya kantor manufaktur, perlu sistem manajemen aset terintegrasi",Custom Software Development,Corporate
Rencana strategis perusahaan 5 tahun ke depan mencakup digitalisasi pengadaan,IT Strategy Consulting,Corporate
Rencana strategis bisnis 5 tahun ke depan mencakup digitalisasi pengadaan,IT Strategy Consulting,Corporate
"Mohon info, rencana strategis kantor 5 tahun ke depan mencakup digitalisasi pengadaan",IT Strategy Consulting,Corporate
Butuh bantuan untuk rencana strategis perusahaan 5 tahun ke depan mencakup digitalisasi pengadaan,IT Strategy Consulting,Corporate
Butuh bantuan untuk rencana strategis institusi 5 tahun ke depan mencakup digitalisasi pengadaan,IT Strategy Consulting,Corporate
Perusahaan kami ingin meng-upgrade sistem procurement dengan modul inventory,Custom Software Development,Corporate
Butuh bantuan untuk kantor saya ingin meng-upgrade sistem procurement dengan modul inventory,Custom Software Development,Corporate
Apakah bisa usaha kita perlu meng-upgrade sistem procurement dengan modul inventory,Custom Software Development,Corporate
"Mohon info, usaha saya mau meng-upgrade sistem procurement pakai modul inventory",Custom Software Development,Corporate
"Mohon info, perusahaan perusahaan kami ingin meng-upgrade sistem procurement dengan modul inventory",Custom Software Development,Corporate
Kami mencari solusi enterprise untuk manajemen aset dan pengadaan,Custom Software Development,Corporate
instansi kami mencari solusi enterprise untuk manajemen aset dan pengadaan,Custom Software Development,Corporate
kami mencari solusi enterprise untuk manajemen aset dan pengadaan,Custom Software Development,Corporate
Apakah bisa kita mencari solusi enterprise untuk manajemen aset dan pengadaan,Custom Software Development,Corporate
Butuh bantuan untuk kita mencari solusi enterprise untuk manajemen aset & pengadaan,Custom Software Development,Corporate
Tim internal kami sedang menyusun roadmap pengadaan barang nasional untuk anak perusahaan,IT Strategy Consulting,Corporate
"Mohon info, tim internal perusahaan kami sedang menyusun roadmap pengadaan barang nasional untuk anak bisnis",IT Strategy Consulting,Corporate
Tim internal saya sedang menyusun roadmap pengadaan barang nasional untuk anak bisnis,IT Strategy Consulting,Corporate
"Halo, tim internal instansi kami sedang menyusun roadmap pengadaan barang nasional untuk anak institusi",IT Strategy Consulting,Corporate
Apakah bisa tim internal kita sedang menyusun roadmap pengadaan barang nasional untuk anak bisnis,IT Strategy Consulting,Corporate
Pengadaan sistem IT internal perusahaan berskala enterprise dan integrasi supply chain.,Custom Software Development,Corporate
"Mohon info, pengadaan sistem IT internal usaha berskala enterprise dan integrasi supply chain.",Custom Software Development,Corporate
"Mohon info, pengadaan sistem IT internal kantor berskala enterprise dan integrasi supply chain.",Custom Software Development,Corporate
Pengadaan sistem IT internal bisnis berskala enterprise dan integrasi supply chain.,Custom Software Development,Corporate
Apakah bisa pengadaan sistem IT internal kantor berskala enterprise dan integrasi supply chain.,Custom Software Development,Corporate
Rencana strategis bisnis korporasi untuk efisiensi pengadaan dan peningkatan profit perusahaan.,IT Strategy Consulting,Corporate
"Mohon info, rencana strategis bisnis korporasi buat efisiensi pengadaan dan peningkatan profit institusi.",IT Strategy Consulting,Corporate
"Halo, rencana strategis bisnis korporasi untuk efisiensi pengadaan dan peningkatan profit perusahaan.",IT Strategy Consulting,Corporate
Butuh bantuan untuk rencana strategis bisnis korporasi utk efisiensi pengadaan dan peningkatan profit perusahaan.,IT Strategy Consulting,Corporate
"Halo, rencana strategis bisnis korporasi untuk efisiensi pengadaan dan peningkatan profit institusi.",IT Strategy Consulting,Corporate
Pengembangan modul e-procurement swasta untuk holding company serta manajemen vendor internal.,Custom Software Development,Corporate
Apakah bisa pengembangan modul e-procurement swasta untuk holding company serta manajemen vendor internal.,Custom Software Development,Corporate
"Halo, pengembangan modul e-procurement swasta untuk holding company serta manajemen vendor internal.",Custom Software Development,Corporate
Sistem pengadaan barang internal dan manajemen inventaris untuk 20 pabrik manufaktur perusahaan kami.,Custom Software Development,Corporate
Butuh bantuan untuk sistem pengadaan barang internal dn manajemen inventaris untuk 20 pabrik manufaktur institusi kita.,Custom Software Development,Corporate
"Halo, sistem pengadaan barang internal dan manajemen inventaris untuk 20 pabrik manufaktur perusahaan kami.",Custom Software Development,Corporate
Kami ingin sistem pengadaan barang internal dan manajemen inventaris buat 20 pabrik manufaktur usaha saya.,Custom Software Development,Corporate
Kami ingin sistem pengadaan barang internal dan manajemen inventaris untuk 20 pabrik manufaktur usaha saya.,Custom Software Development,Corporate
Kami butuh integrasi sistem SAP Procurement dengan portal vendor swasta milik perusahaan.,Custom Software Development,Corporate
Apakah bisa instansi kami butuh integrasi sistem SAP Procurement dengan portal vendor swasta milik kantor.,Custom Software Development,Corporate
"Halo, saya butuh integrasi sistem SAP Procurement dengan portal vendor swasta milik institusi.",Custom Software Development,Corporate
Butuh bantuan untuk saya butuh integrasi sistem SAP Procurement dengan portal vendor swasta milik usaha.,Custom Software Development,Corporate
"Mohon info, kita butuh integrasi sistem SAP Procurement dengan portal vendor swasta milik usaha.",Custom Software Development,Corporate
Optimalisasi proses pengadaan internal dan efisiensi biaya operasional bisnis perseroan swasta.,IT Strategy Consulting,Corporate
"Halo, optimalisasi proses pengadaan internal dan efisiensi biaya operasional bisnis perseroan swasta.",IT Strategy Consulting,Corporate
Kami ingin optimalisasi proses pengadaan internal dn efisiensi biaya operasional bisnis perseroan swasta.,IT Strategy Consulting,Corporate
Apakah bisa optimalisasi proses pengadaan internal dan efisiensi biaya operasional bisnis perseroan swasta.,IT Strategy Consulting,Corporate
Rencana strategis pemegang saham (shareholder & stakeholder) untuk transformasi sistem pengadaan perusahaan.,IT Strategy Consulting,Corporate
Kami ingin rencana strategis pemegang saham (shareholder & stakeholder) untuk transformasi sistem pengadaan usaha.,IT Strategy Consulting,Corporate
"Mohon info, rencana strategis pemegang saham (shareholder & stakeholder) untuk transformasi sistem pengadaan usaha.",IT Strategy Consulting,Corporate
"Mohon info, rencana strategis pemegang saham (shareholder & stakeholder) untuk transformasi sistem pengadaan perusahaan.",IT Strategy Consulting,Corporate
Rencana strategis pemegang saham (shareholder & stakeholder) untuk transformasi sistem pengadaan usaha.,IT Strategy Consulting,Corporate
Rencana strategis instansi pemerintah dalam digitalisasi pelayanan publik lima tahun ke depan.,Government Solutions,Government
Apakah bisa rencana strategis instansi dinas dalam digitalisasi pelayanan publik lima tahun ke depan.,Government Solutions,Government
Kami ingin rencana strategis instansi pemerintahan dalam digitalisasi pelayanan publik lima tahun ke depan.,Government Solutions,Government
Apakah bisa rencana strategis instansi pemerintahan dalam digitalisasi pelayanan publik lima tahun ke depan.,Government Solutions,Government
Butuh bantuan untuk rencana strategis instansi pemda dalam digitalisasi pelayanan publik lima tahun ke depan.,Government Solutions,Government
Pengadaan negara dan tender elektronik LPSE sesuai APBN untuk sistem informasi kementerian.,Government Solutions,Government
"Mohon info, pengadaan negara dan tender elektronik LPSE sesuai APBN untuk sistem informasi kementerian.",Government Solutions,Government
Apakah bisa pengadaan negara dan tender elektronik LPSE sesuai APBN untuk sistem informasi kementerian.,Government Solutions,Government
"Mohon info, pengadaan negara dan tender elektronik LPSE sesuai APBN utk sistem informasi kementerian.",Government Solutions,Government
Penyusunan rencana strategis dinas daerah untuk transparansi pengadaan barang dan jasa publik.,IT Strategy Consulting,Government
Apakah bisa penyusunan rencana strategis dinas daerah untuk transparansi pengadaan barang dan jasa publik.,IT Strategy Consulting,Government
Apakah bisa penyusunan rencana strategis dinas daerah buat transparansi pengadaan barang & jasa publik.,IT Strategy Consulting,Government
Sistem pengadaan barang instansi pemerintahan daerah menggunakan APBD kabupaten.,Government Solutions,Government
Butuh bantuan untuk sistem pengadaan barang instansi pemerintahan daerah menggunakan APBD kabupaten.,Government Solutions,Government
Kami ingin sistem pengadaan barang instansi pemerintahan daerah menggunakan APBD kabupaten.,Government Solutions,Government
"Halo, sistem pengadaan barang instansi pemerintahan daerah menggunakan APBD kabupaten.",Government Solutions,Government
Apakah bisa sistem pengadaan barang instansi pemerintahan daerah menggunakan APBD kabupaten.,Government Solutions,Government
Audit akuntabilitas dan transparansi pengadaan proyek SPBE pada organisasi perangkat daerah (OPD).,Cybersecurity Audit,Government
Butuh bantuan untuk audit akuntabilitas dan transparansi pengadaan proyek SPBE pada organisasi perangkat daerah (OPD).,Cybersecurity Audit,Government
Butuh bantuan untuk audit akuntabilitas & transparansi pengadaan proyek SPBE pada organisasi perangkat daerah (OPD).,Cybersecurity Audit,Government
Apakah bisa audit akuntabilitas dan transparansi pengadaan proyek SPBE pada organisasi perangkat daerah (OPD).,Cybersecurity Audit,Government
"Halo, audit akuntabilitas dan transparansi pengadaan proyek SPBE pada organisasi perangkat daerah (OPD).",Cybersecurity Audit,Government
I have a small local bakery and need a simple and cheap POS cashier application.,Custom Software Development,SME
Kami ingin i have a small local bakery and need a simple and cheap POS cashier application.,Custom Software Development,SME
Apakah bisa i have a small local bakery and need a simple and cheap POS cashier application.,Custom Software Development,SME
We are a small startup business looking for an affordable website for online sales.,Custom Software Development,SME
Kami ingin we are a small startup business looking for an affordable website for online sales.,Custom Software Development,SME
Butuh bantuan untuk we are a small startup business looking for an affordable website for online sales.,Custom Software Development,SME
How much is a low-budget landing page for my home-based craft shop?,Custom Software Development,SME
"Halo, how much is a low-budget landing page for my home-based craft shop?",Custom Software Development,SME
Need IT advice for a small family-owned grocery store to manage inventory simply.,IT Strategy Consulting,SME
Simple website design for small local coffee shop with online ordering menu.,Custom Software Development,SME
Butuh bantuan untuk simple website design for small local coffee shop with online ordering menu.,Custom Software Development,SME
"Mohon info, simple website design for small local coffee shop with online ordering menu.",Custom Software Development,SME
Looking for cheap cloud hosting for our small business online catalog.,Cloud Infrastructure & Migration,SME
Apakah bisa looking for cheap cloud hosting for our small business online catalog.,Cloud Infrastructure & Migration,SME
Butuh bantuan untuk looking for cheap cloud hosting for our small business online catalog.,Cloud Infrastructure & Migration,SME
"Halo, looking for cheap cloud hosting for our small business online catalog.",Cloud Infrastructure & Migration,SME
We are a micro business owner and need basic cybersecurity check for our small store.,Cybersecurity Audit,SME
"Halo, we are a micro business owner and need basic cybersecurity check for our small store.",Cybersecurity Audit,SME
Kami ingin we are a micro business owner and need basic cybersecurity check for our small store.,Cybersecurity Audit,SME
"Mohon info, we are a micro business owner and need basic cybersecurity check for our small store.",Cybersecurity Audit,SME
Can you build a simple mobile app for our local laundry delivery service on a tight budget?,Custom Software Development,SME
"Halo, can you build a simple mobile app for our local laundry delivery service on a tight budget?",Custom Software Development,SME
Butuh bantuan untuk can you build a simple mobile app for our local laundry delivery service on a tight budget?,Custom Software Development,SME
Affordable IT solutions and basic website setup for rural community entrepreneurs.,IT Strategy Consulting,SME
"Mohon info, affordable IT solutions and basic website setup for rural community entrepreneurs.",IT Strategy Consulting,SME
Apakah bisa affordable IT solutions and basic website setup for rural community entrepreneurs.,IT Strategy Consulting,SME
Butuh bantuan untuk affordable IT solutions and basic website setup for rural community entrepreneurs.,IT Strategy Consulting,SME
Small fashion retail shop needs easy-to-use billing software and WhatsApp order integration.,Custom Software Development,SME
"Mohon info, small fashion retail shop needs easy-to-use billing software and WhatsApp order integration.",Custom Software Development,SME
Butuh bantuan untuk small fashion retail shop needs easy-to-use billing software and WhatsApp order integration.,Custom Software Development,SME
I want to digitize my small food kiosk with a tablet cashier system.,Custom Software Development,SME
Cheap domain setup and simple email system for independent consultant.,Cloud Infrastructure & Migration,SME
Kami ingin cheap domain setup and simple email system for independent consultant.,Cloud Infrastructure & Migration,SME
"Mohon info, cheap domain setup and simple email system for independent consultant.",Cloud Infrastructure & Migration,SME
"Halo, cheap domain setup and simple email system for independent consultant.",Cloud Infrastructure & Migration,SME
Budget-friendly e-commerce store for handmade jewelry startup.,Custom Software Development,SME
Butuh bantuan untuk budget-friendly e-commerce store for handmade jewelry startup.,Custom Software Development,SME
Kami ingin budget-friendly e-commerce store for handmade jewelry startup.,Custom Software Development,SME
"Mohon info, budget-friendly e-commerce store for handmade jewelry startup.",Custom Software Development,SME
How to protect our small online shop from basic cyber attacks without spending too much?,Cybersecurity Audit,SME
"Halo, how to protect our small online shop from basic cyber attacks without spending too much?",Cybersecurity Audit,SME
Apakah bisa how to protect our small online shop from basic cyber attacks without spending too much?,Cybersecurity Audit,SME
Kami ingin how to protect our small online shop from basic cyber attacks without spending too much?,Cybersecurity Audit,SME
Digital marketing strategy and simple website setup for local handicraft SME.,IT Strategy Consulting,SME
Apakah bisa digital marketing strategy and simple website setup for local handicraft SME.,IT Strategy Consulting,SME
Butuh bantuan untuk digital marketing strategy and simple website setup for local handicraft SME.,IT Strategy Consulting,SME
"Halo, digital marketing strategy and simple website setup for local handicraft SME.",IT Strategy Consulting,SME
Small repair workshop needs lightweight inventory tracking app on Android phone.,Custom Software Development,SME
Butuh bantuan untuk small repair workshop needs lightweight inventory tracking app on Android phone.,Custom Software Development,SME
Apakah bisa small repair workshop needs lightweight inventory tracking app on Android phone.,Custom Software Development,SME
Looking for affordable web development package for small flower shop.,Custom Software Development,SME
"Mohon info, looking for affordable web development package for small flower shop.",Custom Software Development,SME
Kami ingin looking for affordable web development package for small flower shop.,Custom Software Development,SME
We are a beginner team of 3 people needing simple tools to track daily sales.,Custom Software Development,SME
"Mohon info, we are a beginner team of 3 people needing simple tools to track daily sales.",Custom Software Development,SME
Kami ingin we are a beginner team of 3 people needing simple tools to track daily sales.,Custom Software Development,SME
Easy Excel to cloud data migration for small family business records.,Cloud Infrastructure & Migration,SME
Kami ingin easy Excel to cloud data migration for small family business records.,Cloud Infrastructure & Migration,SME
"Mohon info, easy Excel to cloud data migration for small family business records.",Cloud Infrastructure & Migration,SME
Need quick consultation on how to start online selling for small traditional merchant.,IT Strategy Consulting,SME
Apakah bisa need quick consultation on how to start online selling for small traditional merchant.,IT Strategy Consulting,SME
Kami ingin need quick consultation on how to start online selling for small traditional merchant.,IT Strategy Consulting,SME
"Mohon info, need quick consultation on how to start online selling for small traditional merchant.",IT Strategy Consulting,SME
We want to build an enterprise asset management system integrated with procurement. This is a 5-year strategic plan for our company.,Custom Software Development,Corporate
Apakah bisa we want to build an enterprise asset management system integrated with procurement. This is a 5-year strategic plan for our company.,Custom Software Development,Corporate
Kami ingin we want to build an enterprise asset management system integrated with procurement. This is a 5-year strategic plan for our company.,Custom Software Development,Corporate
"Mohon info, we want to build an enterprise asset management system integrated with procurement. This is a 5-year strategic plan for our company.",Custom Software Development,Corporate
Our multinational corporation requires SAP ERP migration and integration for 1000 employees across global branches.,Custom Software Development,Corporate
Kami ingin our multinational corporation requires SAP ERP migration and integration for 1000 employees across global branches.,Custom Software Development,Corporate
"Halo, our multinational corporation requires SAP ERP migration and integration for 1000 employees across global branches.",Custom Software Development,Corporate
"Mohon info, our multinational corporation requires SAP ERP migration and integration for 1000 employees across global branches.",Custom Software Development,Corporate
Request for Proposal (RFP) for enterprise cloud infrastructure migration to AWS with strict SLA 99.99% uptime.,Cloud Infrastructure & Migration,Corporate
"Mohon info, request for Proposal (RFP) for enterprise cloud infrastructure migration to AWS with strict SLA 99.99% uptime.",Cloud Infrastructure & Migration,Corporate
"Halo, request for Proposal (RFP) for enterprise cloud infrastructure migration to AWS with strict SLA 99.99% uptime.",Cloud Infrastructure & Migration,Corporate
Comprehensive cybersecurity penetration testing and ISO 27001 readiness audit for financial enterprise.,Cybersecurity Audit,Corporate
Kami ingin comprehensive cybersecurity penetration testing and ISO 27001 readiness audit for financial enterprise.,Cybersecurity Audit,Corporate
Butuh bantuan untuk comprehensive cybersecurity penetration testing and ISO 27001 readiness audit for financial enterprise.,Cybersecurity Audit,Corporate
We are a manufacturing conglomerate looking for custom supply chain software and vendor procurement portal.,Custom Software Development,Corporate
"Halo, we are a manufacturing conglomerate looking for custom supply chain software and vendor procurement portal.",Custom Software Development,Corporate
Enterprise architecture consulting (TOGAF) and 5-year IT strategic roadmap for publicly listed holding company.,IT Strategy Consulting,Corporate
Butuh bantuan untuk enterprise architecture consulting (TOGAF) and 5-year IT strategic roadmap for publicly listed holding company.,IT Strategy Consulting,Corporate
"Halo, enterprise architecture consulting (TOGAF) and 5-year IT strategic roadmap for publicly listed holding company.",IT Strategy Consulting,Corporate
Development of high-throughput microservices architecture and Kubernetes deployment for banking platform.,Custom Software Development,Corporate
"Halo, development of high-throughput microservices architecture and Kubernetes deployment for banking platform.",Custom Software Development,Corporate
Corporate internal procurement system modernization and CRM integration for 500+ corporate staff.,Custom Software Development,Corporate
Apakah bisa corporate internal procurement system modernization and CRM integration for 500+ corporate staff.,Custom Software Development,Corporate
Butuh bantuan untuk corporate internal procurement system modernization and CRM integration for 500+ corporate staff.,Custom Software Development,Corporate
Our company needs a dedicated engineering team of 25 developers for long-term enterprise software revamp.,Custom Software Development,Corporate
Kami ingin our company needs a dedicated engineering team of 25 developers for long-term enterprise software revamp.,Custom Software Development,Corporate
Butuh bantuan untuk our company needs a dedicated engineering team of 25 developers for long-term enterprise software revamp.,Custom Software Development,Corporate
"Halo, our company needs a dedicated engineering team of 25 developers for long-term enterprise software revamp.",Custom Software Development,Corporate
Enterprise data analytics dashboard and automated financial reporting system for Board of Directors.,Custom Software Development,Corporate
Kami ingin enterprise data analytics dashboard and automated financial reporting system for Board of Directors.,Custom Software Development,Corporate
"Halo, enterprise data analytics dashboard and automated financial reporting system for Board of Directors.",Custom Software Development,Corporate
Apakah bisa enterprise data analytics dashboard and automated financial reporting system for Board of Directors.,Custom Software Development,Corporate
Butuh bantuan untuk enterprise data analytics dashboard and automated financial reporting system for Board of Directors.,Custom Software Development,Corporate
Zero Trust Network Access (ZTNA) and 24/7 SIEM monitoring implementation for corporate security operations.,Cybersecurity Audit,Corporate
Butuh bantuan untuk zero Trust Network Access (ZTNA) and 24/7 SIEM monitoring implementation for corporate security operations.,Cybersecurity Audit,Corporate
Migration of core banking databases across multi-region data centers with zero operational downtime.,Cloud Infrastructure & Migration,Corporate
Butuh bantuan untuk migration of core banking databases across multi-region data centers with zero operational downtime.,Cloud Infrastructure & Migration,Corporate
Apakah bisa migration of core banking databases across multi-region data centers with zero operational downtime.,Cloud Infrastructure & Migration,Corporate
Strategic assessment of AI adoption ROI and big data infrastructure for multinational insurance firm.,IT Strategy Consulting,Corporate
Kami ingin strategic assessment of AI adoption ROI and big data infrastructure for multinational insurance firm.,IT Strategy Consulting,Corporate
"Halo, strategic assessment of AI adoption ROI and big data infrastructure for multinational insurance firm.",IT Strategy Consulting,Corporate
Custom B2B vendor portal with OAuth2 security standards for enterprise retail group.,Custom Software Development,Corporate
"Halo, custom B2B vendor portal with OAuth2 security standards for enterprise retail group.",Custom Software Development,Corporate
Apakah bisa custom B2B vendor portal with OAuth2 security standards for enterprise retail group.,Custom Software Development,Corporate
Enterprise SharePoint and Microsoft 365 licensing setup and workflow automation for corporate headquarters.,Cloud Infrastructure & Migration,Corporate
Apakah bisa enterprise SharePoint and Microsoft 365 licensing setup and workflow automation for corporate headquarters.,Cloud Infrastructure & Migration,Corporate
"Halo, enterprise SharePoint and Microsoft 365 licensing setup and workflow automation for corporate headquarters.",Cloud Infrastructure & Migration,Corporate
Butuh bantuan untuk enterprise SharePoint and Microsoft 365 licensing setup and workflow automation for corporate headquarters.,Cloud Infrastructure & Migration,Corporate
Disaster Recovery Management and business continuity planning for telecommunications enterprise.,Cybersecurity Audit,Corporate
"Halo, disaster Recovery Management and business continuity planning for telecommunications enterprise.",Cybersecurity Audit,Corporate
"Mohon info, disaster Recovery Management and business continuity planning for telecommunications enterprise.",Cybersecurity Audit,Corporate
Kami ingin disaster Recovery Management and business continuity planning for telecommunications enterprise.,Cybersecurity Audit,Corporate
We need external red team simulation and vulnerability assessment for our corporate payment gateway.,Cybersecurity Audit,Corporate
"Halo, we need external red team simulation and vulnerability assessment for our corporate payment gateway.",Cybersecurity Audit,Corporate
Kami ingin we need external red team simulation and vulnerability assessment for our corporate payment gateway.,Cybersecurity Audit,Corporate
"Mohon info, we need external red team simulation and vulnerability assessment for our corporate payment gateway.",Cybersecurity Audit,Corporate
Corporate procurement digitization and internal supply chain management roadmap.,IT Strategy Consulting,Corporate
Kami ingin corporate procurement digitization and internal supply chain management roadmap.,IT Strategy Consulting,Corporate
Business process re-engineering and cloud native transformation for industrial manufacturing conglomerate.,IT Strategy Consulting,Corporate
Kami ingin business process re-engineering and cloud native transformation for industrial manufacturing conglomerate.,IT Strategy Consulting,Corporate
"Mohon info, business process re-engineering and cloud native transformation for industrial manufacturing conglomerate.",IT Strategy Consulting,Corporate
"Halo, business process re-engineering and cloud native transformation for industrial manufacturing conglomerate.",IT Strategy Consulting,Corporate
Continuous integration and DevSecOps pipeline setup for enterprise development division.,Cloud Infrastructure & Migration,Corporate
Butuh bantuan untuk continuous integration and DevSecOps pipeline setup for enterprise development division.,Cloud Infrastructure & Migration,Corporate
"Mohon info, continuous integration and DevSecOps pipeline setup for enterprise development division.",Cloud Infrastructure & Migration,Corporate
Our government ministry is preparing a 5-year strategic plan for public service digital transformation and state procurement.,Government Solutions,Government
"Halo, our government ministry is preparing a 5-year strategic plan for public service digital transformation and state procurement.",Government Solutions,Government
Apakah bisa our government ministry is preparing a 5-year strategic plan for public service digital transformation and state procurement.,Government Solutions,Government
Kami ingin our government ministry is preparing a 5-year strategic plan for public service digital transformation and state procurement.,Government Solutions,Government
National agency requires e-government portal development and citizen identity management integration.,Government Solutions,Government
"Halo, national agency requires e-government portal development and citizen identity management integration.",Government Solutions,Government
"Mohon info, national agency requires e-government portal development and citizen identity management integration.",Government Solutions,Government
Municipality smart city master plan and public traffic monitoring system implementation.,Government Solutions,Government
"Halo, municipality smart city master plan and public traffic monitoring system implementation.",Government Solutions,Government
Butuh bantuan untuk municipality smart city master plan and public traffic monitoring system implementation.,Government Solutions,Government
Kami ingin municipality smart city master plan and public traffic monitoring system implementation.,Government Solutions,Government
Cybersecurity compliance audit for public health database according to national data protection standards.,Cybersecurity Audit,Government
Butuh bantuan untuk cybersecurity compliance audit for public health database according to national data protection standards.,Cybersecurity Audit,Government
Apakah bisa cybersecurity compliance audit for public health database according to national data protection standards.,Cybersecurity Audit,Government
"Halo, cybersecurity compliance audit for public health database according to national data protection standards.",Cybersecurity Audit,Government
Public procurement tracking dashboard and transparent national state budget monitoring portal.,Government Solutions,Government
Butuh bantuan untuk public procurement tracking dashboard and transparent national state budget monitoring portal.,Government Solutions,Government
"Halo, public procurement tracking dashboard and transparent national state budget monitoring portal.",Government Solutions,Government
"Mohon info, public procurement tracking dashboard and transparent national state budget monitoring portal.",Government Solutions,Government
Migration of state department servers to national secure government cloud infrastructure.,Cloud Infrastructure & Migration,Government
Kami ingin migration of state department servers to national secure government cloud infrastructure.,Cloud Infrastructure & Migration,Government
"Mohon info, migration of state department servers to national secure government cloud infrastructure.",Cloud Infrastructure & Migration,Government
Butuh bantuan untuk migration of state department servers to national secure government cloud infrastructure.,Cloud Infrastructure & Migration,Government
Development of citizen grievance reporting mobile app for city government administration.,Government Solutions,Government
Kami ingin development of citizen grievance reporting mobile app for city government administration.,Government Solutions,Government
"Mohon info, development of citizen grievance reporting mobile app for city government administration.",Government Solutions,Government
Butuh bantuan untuk development of citizen grievance reporting mobile app for city government administration.,Government Solutions,Government
Digitalization of municipal tax and public land registry system for regional department.,Government Solutions,Government
"Mohon info, digitalization of municipal tax and public land registry system for regional department.",Government Solutions,Government
Kami ingin digitalization of municipal tax and public land registry system for regional department.,Government Solutions,Government
Strategic IT roadmap and e-governance architecture consulting for public educational institution.,IT Strategy Consulting,Government
Kami ingin strategic IT roadmap and e-governance architecture consulting for public educational institution.,IT Strategy Consulting,Government
Apakah bisa strategic IT roadmap and e-governance architecture consulting for public educational institution.,IT Strategy Consulting,Government
"Mohon info, strategic IT roadmap and e-governance architecture consulting for public educational institution.",IT Strategy Consulting,Government
Government agency requires custom public welfare distribution tracking system to ensure accountability.,Government Solutions,Government
"Mohon info, government agency requires custom public welfare distribution tracking system to ensure accountability.",Government Solutions,Government
Vulnerability assessment of official ministry websites following public cybersecurity threats.,Cybersecurity Audit,Government
"Halo, vulnerability assessment of official ministry websites following public cybersecurity threats.",Cybersecurity Audit,Government
Butuh bantuan untuk vulnerability assessment of official ministry websites following public cybersecurity threats.,Cybersecurity Audit,Government
Smart village initiative software platform for rural municipality connectivity and administrative services.,Government Solutions,Government
"Halo, smart village initiative software platform for rural municipality connectivity and administrative services.",Government Solutions,Government
"Mohon info, smart village initiative software platform for rural municipality connectivity and administrative services.",Government Solutions,Government
Apakah bisa smart village initiative software platform for rural municipality connectivity and administrative services.,Government Solutions,Government
Public safety and emergency response command center software for regional authorities.,Government Solutions,Government
"Halo, public safety and emergency response command center software for regional authorities.",Government Solutions,Government
Butuh bantuan untuk public safety and emergency response command center software for regional authorities.,Government Solutions,Government
Implementation of national government service bus for interoperability between public departments.,Government Solutions,Government
"Mohon info, implementation of national government service bus for interoperability between public departments.",Government Solutions,Government
Cybersecurity training and awareness programs for civil servants across government ministries.,IT Strategy Consulting,Government
Butuh bantuan untuk cybersecurity training and awareness programs for civil servants across government ministries.,IT Strategy Consulting,Government
"Halo, cybersecurity training and awareness programs for civil servants across government ministries.",IT Strategy Consulting,Government
Kami ingin cybersecurity training and awareness programs for civil servants across government ministries.,IT Strategy Consulting,Government
Electronic public bidding and state tender management portal (e-procurement) for public sector.,Government Solutions,Government
"Halo, electronic public bidding and state tender management portal (e-procurement) for public sector.",Government Solutions,Government
Butuh bantuan untuk electronic public bidding and state tender management portal (e-procurement) for public sector.,Government Solutions,Government
Regional hospital network management and digital medical records system for public healthcare.,Government Solutions,Government
"Halo, regional hospital network management and digital medical records system for public healthcare.",Government Solutions,Government
Apakah bisa regional hospital network management and digital medical records system for public healthcare.,Government Solutions,Government
GIS mapping application for public urban planning and regional zoning department.,Government Solutions,Government
Butuh bantuan untuk gIS mapping application for public urban planning and regional zoning department.,Government Solutions,Government
"Mohon info, gIS mapping application for public urban planning and regional zoning department.",Government Solutions,Government
Disaster management and early warning notification platform for national disaster agency.,Government Solutions,Government
Apakah bisa disaster management and early warning notification platform for national disaster agency.,Government Solutions,Government
"Mohon info, disaster management and early warning notification platform for national disaster agency.",Government Solutions,Government
Public library digital archiving system and electronic records management for state ministry.,Government Solutions,Government
"Mohon info, public library digital archiving system and electronic records management for state ministry.",Government Solutions,Government
"Halo, public library digital archiving system and electronic records management for state ministry.",Government Solutions,Government
Butuh bantuan untuk public library digital archiving system and electronic records management for state ministry.,Government Solutions,Government
